-- MySQL dump 10.13  Distrib 5.7.31, for Linux (x86_64)
--
-- Host: localhost    Database: dnf
-- ------------------------------------------------------
-- Server version	5.7.31-0ubuntu0.18.04.1

/*!40101 SET @OLD_CHARACTER_SET_CLIENT=@@CHARACTER_SET_CLIENT */;
/*!40101 SET @OLD_CHARACTER_SET_RESULTS=@@CHARACTER_SET_RESULTS */;
/*!40101 SET @OLD_COLLATION_CONNECTION=@@COLLATION_CONNECTION */;
/*!40101 SET NAMES utf8 */;
/*!40103 SET @OLD_TIME_ZONE=@@TIME_ZONE */;
/*!40103 SET TIME_ZONE='+00:00' */;
/*!40014 SET @OLD_UNIQUE_CHECKS=@@UNIQUE_CHECKS, UNIQUE_CHECKS=0 */;
/*!40014 SET @OLD_FOREIGN_KEY_CHECKS=@@FOREIGN_KEY_CHECKS, FOREIGN_KEY_CHECKS=0 */;
/*!40101 SET @OLD_SQL_MODE=@@SQL_MODE, SQL_MODE='NO_AUTO_VALUE_ON_ZERO' */;
/*!40111 SET @OLD_SQL_NOTES=@@SQL_NOTES, SQL_NOTES=0 */;

--
-- Table structure for table `categories`
--

DROP TABLE IF EXISTS `categories`;
/*!40101 SET @saved_cs_client     = @@character_set_client */;
/*!40101 SET character_set_client = utf8 */;
CREATE TABLE `categories` (
  `id` bigint(20) unsigned NOT NULL AUTO_INCREMENT,
  `name` varchar(255) COLLATE utf8mb4_unicode_ci NOT NULL,
  `created_at` timestamp NULL DEFAULT NULL,
  `updated_at` timestamp NULL DEFAULT NULL,
  `parent_id` bigint(20) unsigned DEFAULT NULL,
  PRIMARY KEY (`id`),
  KEY `categories_parent_id_foreign` (`parent_id`),
  CONSTRAINT `categories_parent_id_foreign` FOREIGN KEY (`parent_id`) REFERENCES `categories` (`id`) ON DELETE CASCADE
) ENGINE=InnoDB AUTO_INCREMENT=6 DEFAULT CHARSET=utf8mb4 COLLATE=utf8mb4_unicode_ci;
/*!40101 SET character_set_client = @saved_cs_client */;

--
-- Dumping data for table `categories`
--

LOCK TABLES `categories` WRITE;
/*!40000 ALTER TABLE `categories` DISABLE KEYS */;
INSERT INTO `categories` VALUES (1,'Life Insurance','2020-08-28 11:07:05','2020-08-28 11:07:05',NULL),(2,'Term Life Insurance','2020-08-28 11:07:05','2020-08-28 11:07:05',1),(3,'Index Universal Life (IUL)','2020-08-28 11:07:05','2020-08-28 11:07:05',1),(4,'Guaranteed Universal Life (GUL)','2020-08-28 11:07:05','2020-08-28 11:07:05',1),(5,'Individual Disability','2020-08-28 11:07:05','2020-08-28 11:07:05',1);
/*!40000 ALTER TABLE `categories` ENABLE KEYS */;
UNLOCK TABLES;

--
-- Table structure for table `category_product`
--

DROP TABLE IF EXISTS `category_product`;
/*!40101 SET @saved_cs_client     = @@character_set_client */;
/*!40101 SET character_set_client = utf8 */;
CREATE TABLE `category_product` (
  `category_id` bigint(20) unsigned NOT NULL,
  `product_id` bigint(20) unsigned NOT NULL,
  KEY `category_product_category_id_foreign` (`category_id`),
  KEY `category_product_product_id_foreign` (`product_id`),
  CONSTRAINT `category_product_category_id_foreign` FOREIGN KEY (`category_id`) REFERENCES `categories` (`id`) ON DELETE CASCADE,
  CONSTRAINT `category_product_product_id_foreign` FOREIGN KEY (`product_id`) REFERENCES `products` (`id`) ON DELETE CASCADE
) ENGINE=InnoDB DEFAULT CHARSET=utf8mb4 COLLATE=utf8mb4_unicode_ci;
/*!40101 SET character_set_client = @saved_cs_client */;

--
-- Dumping data for table `category_product`
--

LOCK TABLES `category_product` WRITE;
/*!40000 ALTER TABLE `category_product` DISABLE KEYS */;
INSERT INTO `category_product` VALUES (1,2),(2,2),(3,3),(4,4),(5,5),(2,6),(3,7),(4,8),(5,9),(2,10),(3,11),(4,12),(5,13),(2,18),(3,19),(4,20),(5,21),(2,22),(3,23),(4,24),(5,25),(2,26),(3,27),(4,28),(5,29),(2,30),(3,31),(4,32),(5,33),(2,34),(3,35),(4,36),(5,37),(2,38),(3,39),(4,40),(5,41),(2,42),(3,43),(4,44),(5,45),(2,50),(3,51),(4,52),(5,53),(2,54),(3,55),(4,56),(5,57),(2,58),(3,59),(4,60),(5,61);
/*!40000 ALTER TABLE `category_product` ENABLE KEYS */;
UNLOCK TABLES;

--
-- Table structure for table `companies`
--

DROP TABLE IF EXISTS `companies`;
/*!40101 SET @saved_cs_client     = @@character_set_client */;
/*!40101 SET character_set_client = utf8 */;
CREATE TABLE `companies` (
  `id` bigint(20) unsigned NOT NULL AUTO_INCREMENT,
  `address` varchar(256) COLLATE utf8mb4_unicode_ci DEFAULT NULL,
  `email` varchar(64) COLLATE utf8mb4_unicode_ci DEFAULT NULL,
  `name` varchar(64) COLLATE utf8mb4_unicode_ci NOT NULL,
  `phone` varchar(64) COLLATE utf8mb4_unicode_ci DEFAULT NULL,
  `active` tinyint(1) NOT NULL DEFAULT '1',
  `created_at` timestamp NOT NULL DEFAULT CURRENT_TIMESTAMP,
  `updated_at` timestamp NOT NULL DEFAULT CURRENT_TIMESTAMP ON UPDATE CURRENT_TIMESTAMP,
  `code` varchar(20) COLLATE utf8mb4_unicode_ci DEFAULT NULL,
  `parent_id` bigint(20) unsigned DEFAULT NULL,
  PRIMARY KEY (`id`),
  KEY `companies_parent_id_foreign` (`parent_id`),
  CONSTRAINT `companies_parent_id_foreign` FOREIGN KEY (`parent_id`) REFERENCES `companies` (`id`) ON DELETE SET NULL
) ENGINE=InnoDB AUTO_INCREMENT=23 DEFAULT CHARSET=utf8mb4 COLLATE=utf8mb4_unicode_ci;
/*!40101 SET character_set_client = @saved_cs_client */;

--
-- Dumping data for table `companies`
--

LOCK TABLES `companies` WRITE;
/*!40000 ALTER TABLE `companies` DISABLE KEYS */;
INSERT INTO `companies` VALUES (1,'777 NW 72nd Ave, Suite 1115, Miami FL, 33126','tech@dnakamafaction.com','D Nakama Faction','(305) 392-0897',1,'2020-08-28 11:07:05','2020-08-28 11:07:05',NULL,NULL),(6,'777 NW 72nd Ave, Suite 1115, Miami FL, 33126, Ffgf','onepiece@dnakamafaction.com','One Piece',NULL,1,'2020-08-28 11:07:05','2020-08-28 11:07:06','D0001',1),(7,NULL,NULL,'Yonko Emperors',NULL,1,'2020-08-28 11:07:05','2020-08-28 11:07:06','D0002',1),(9,NULL,'globalimperii@dnakamafaction.com','Global Imperii','+17865416460',1,'2020-08-28 11:07:05','2020-08-28 11:07:06','D0003',1),(10,NULL,'zangetsu.ins@dnakamafaction.com','Zangetsu','+17866318594',1,'2020-08-28 11:07:05','2020-08-28 11:07:06','D0004',1),(11,NULL,'originalsdnf@dnakamafaction.com','Originals',NULL,1,'2020-08-28 11:07:05','2020-08-28 11:07:06','D0005',1),(12,NULL,'lisandra.garcia@dnakamafaction.com','Kyoshi Warriors',NULL,1,'2020-08-28 11:07:05','2020-08-28 11:07:06','D0006',7),(13,NULL,'legendary.dc@dnakamafaction.com','Legendary Legion','+17867689714',1,'2020-08-28 11:07:05','2020-08-28 11:07:06','D0007',7),(14,NULL,'senjudinasty@dnakamafaction.com','Senjudinasty',NULL,1,'2020-08-28 11:07:05','2020-08-28 11:07:06','D0008',11),(15,NULL,'dnf.nextlevel@dnakamafaction.com','Next Level',NULL,1,'2020-08-28 11:07:05','2020-08-28 11:07:06','D0009',10),(17,NULL,'drmathiu@gmail.com','Jhon Agency','7864444444',1,'2020-08-28 11:07:05','2020-08-28 11:07:06','D0013',1),(18,NULL,NULL,'SENJU DINASTY',NULL,0,'2020-08-28 11:07:05','2020-08-28 11:07:07','D0071',1),(19,NULL,NULL,'Yonko Emperors',NULL,0,'2020-08-28 11:07:05','2020-08-28 11:07:07','D0072',1),(20,NULL,NULL,'D nakama fation',NULL,0,'2020-08-28 11:07:05','2020-08-28 11:07:07','D0075',1),(21,'4603 neptune rd , Saint Cloud FL 34769','kaizenagency@dnakamafaction.com','Kaizen Agency Corp','+17867206826',1,'2020-08-28 11:07:05','2020-08-28 11:07:07','D0067',6),(22,'Avenida 55 número 3018 entre calle 30 y 32','alcidesrh@gmail.com','aaaaaa','545407333',1,'2020-08-28 11:07:05','2020-08-28 11:07:05',NULL,6);
/*!40000 ALTER TABLE `companies` ENABLE KEYS */;
UNLOCK TABLES;

--
-- Table structure for table `company_product`
--

DROP TABLE IF EXISTS `company_product`;
/*!40101 SET @saved_cs_client     = @@character_set_client */;
/*!40101 SET character_set_client = utf8 */;
CREATE TABLE `company_product` (
  `company_id` bigint(20) unsigned NOT NULL,
  `product_id` bigint(20) unsigned NOT NULL,
  KEY `company_product_company_id_foreign` (`company_id`),
  KEY `company_product_product_id_foreign` (`product_id`),
  CONSTRAINT `company_product_company_id_foreign` FOREIGN KEY (`company_id`) REFERENCES `companies` (`id`) ON DELETE CASCADE,
  CONSTRAINT `company_product_product_id_foreign` FOREIGN KEY (`product_id`) REFERENCES `products` (`id`) ON DELETE CASCADE
) ENGINE=InnoDB DEFAULT CHARSET=utf8mb4 COLLATE=utf8mb4_unicode_ci;
/*!40101 SET character_set_client = @saved_cs_client */;

--
-- Dumping data for table `company_product`
--

LOCK TABLES `company_product` WRITE;
/*!40000 ALTER TABLE `company_product` DISABLE KEYS */;
INSERT INTO `company_product` VALUES (1,2),(1,3),(1,4),(1,5),(6,6),(6,7),(6,8),(6,9),(7,10),(7,11),(7,12),(7,13),(9,18),(9,19),(9,20),(9,21),(10,22),(10,23),(10,24),(10,25),(11,26),(11,27),(11,28),(11,29),(12,30),(12,31),(12,32),(12,33),(13,34),(13,35),(13,36),(13,37),(14,38),(14,39),(14,40),(14,41),(15,42),(15,43),(15,44),(15,45),(17,50),(17,51),(17,52),(17,53),(21,54),(21,55),(21,56),(21,57),(22,58),(22,59),(22,60),(22,61);
/*!40000 ALTER TABLE `company_product` ENABLE KEYS */;
UNLOCK TABLES;

--
-- Table structure for table `failed_jobs`
--

DROP TABLE IF EXISTS `failed_jobs`;
/*!40101 SET @saved_cs_client     = @@character_set_client */;
/*!40101 SET character_set_client = utf8 */;
CREATE TABLE `failed_jobs` (
  `id` bigint(20) unsigned NOT NULL AUTO_INCREMENT,
  `connection` text COLLATE utf8mb4_unicode_ci NOT NULL,
  `queue` text COLLATE utf8mb4_unicode_ci NOT NULL,
  `payload` longtext COLLATE utf8mb4_unicode_ci NOT NULL,
  `exception` longtext COLLATE utf8mb4_unicode_ci NOT NULL,
  `failed_at` timestamp NOT NULL DEFAULT CURRENT_TIMESTAMP,
  PRIMARY KEY (`id`)
) ENGINE=InnoDB DEFAULT CHARSET=utf8mb4 COLLATE=utf8mb4_unicode_ci;
/*!40101 SET character_set_client = @saved_cs_client */;

--
-- Dumping data for table `failed_jobs`
--

LOCK TABLES `failed_jobs` WRITE;
/*!40000 ALTER TABLE `failed_jobs` DISABLE KEYS */;
/*!40000 ALTER TABLE `failed_jobs` ENABLE KEYS */;
UNLOCK TABLES;

--
-- Table structure for table `files`
--

DROP TABLE IF EXISTS `files`;
/*!40101 SET @saved_cs_client     = @@character_set_client */;
/*!40101 SET character_set_client = utf8 */;
CREATE TABLE `files` (
  `id` bigint(20) unsigned NOT NULL AUTO_INCREMENT,
  `name` varchar(255) COLLATE utf8mb4_unicode_ci DEFAULT NULL,
  `ext` varchar(255) COLLATE utf8mb4_unicode_ci DEFAULT NULL,
  `path` varchar(255) COLLATE utf8mb4_unicode_ci DEFAULT NULL,
  `size` bigint(20) DEFAULT NULL,
  `fileable_type` varchar(255) COLLATE utf8mb4_unicode_ci DEFAULT NULL,
  `fileable_id` bigint(20) unsigned DEFAULT NULL,
  `created_at` timestamp NULL DEFAULT NULL,
  `updated_at` timestamp NULL DEFAULT NULL,
  PRIMARY KEY (`id`),
  KEY `files_fileable_type_fileable_id_index` (`fileable_type`,`fileable_id`)
) ENGINE=InnoDB DEFAULT CHARSET=utf8mb4 COLLATE=utf8mb4_unicode_ci;
/*!40101 SET character_set_client = @saved_cs_client */;

--
-- Dumping data for table `files`
--

LOCK TABLES `files` WRITE;
/*!40000 ALTER TABLE `files` DISABLE KEYS */;
/*!40000 ALTER TABLE `files` ENABLE KEYS */;
UNLOCK TABLES;

--
-- Table structure for table `license_user`
--

DROP TABLE IF EXISTS `license_user`;
/*!40101 SET @saved_cs_client     = @@character_set_client */;
/*!40101 SET character_set_client = utf8 */;
CREATE TABLE `license_user` (
  `id` bigint(20) unsigned NOT NULL AUTO_INCREMENT,
  `user_id` bigint(20) unsigned NOT NULL,
  `license_id` bigint(20) unsigned NOT NULL,
  `created_at` timestamp NULL DEFAULT NULL,
  `updated_at` timestamp NULL DEFAULT NULL,
  PRIMARY KEY (`id`),
  KEY `license_user_user_id_foreign` (`user_id`),
  KEY `license_user_license_id_foreign` (`license_id`),
  CONSTRAINT `license_user_license_id_foreign` FOREIGN KEY (`license_id`) REFERENCES `licenses` (`id`) ON DELETE CASCADE,
  CONSTRAINT `license_user_user_id_foreign` FOREIGN KEY (`user_id`) REFERENCES `users` (`id`) ON DELETE CASCADE
) ENGINE=InnoDB DEFAULT CHARSET=utf8mb4 COLLATE=utf8mb4_unicode_ci;
/*!40101 SET character_set_client = @saved_cs_client */;

--
-- Dumping data for table `license_user`
--

LOCK TABLES `license_user` WRITE;
/*!40000 ALTER TABLE `license_user` DISABLE KEYS */;
/*!40000 ALTER TABLE `license_user` ENABLE KEYS */;
UNLOCK TABLES;

--
-- Table structure for table `licenses`
--

DROP TABLE IF EXISTS `licenses`;
/*!40101 SET @saved_cs_client     = @@character_set_client */;
/*!40101 SET character_set_client = utf8 */;
CREATE TABLE `licenses` (
  `id` bigint(20) unsigned NOT NULL AUTO_INCREMENT,
  `title` varchar(255) COLLATE utf8mb4_unicode_ci NOT NULL,
  `created_at` timestamp NULL DEFAULT NULL,
  `updated_at` timestamp NULL DEFAULT NULL,
  PRIMARY KEY (`id`)
) ENGINE=InnoDB AUTO_INCREMENT=6 DEFAULT CHARSET=utf8mb4 COLLATE=utf8mb4_unicode_ci;
/*!40101 SET character_set_client = @saved_cs_client */;

--
-- Dumping data for table `licenses`
--

LOCK TABLES `licenses` WRITE;
/*!40000 ALTER TABLE `licenses` DISABLE KEYS */;
INSERT INTO `licenses` VALUES (1,'240 (salud)','2020-08-28 11:07:25','2020-08-28 11:07:25'),(2,'214 (vida)','2020-08-28 11:07:25','2020-08-28 11:07:25'),(3,'215  (salud y vida)','2020-08-28 11:07:25','2020-08-28 11:07:25'),(4,'440  (customer services)','2020-08-28 11:07:25','2020-08-28 11:07:25'),(5,'220  (Property & Casualty)','2020-08-28 11:07:25','2020-08-28 11:07:25');
/*!40000 ALTER TABLE `licenses` ENABLE KEYS */;
UNLOCK TABLES;

--
-- Table structure for table `migrations`
--

DROP TABLE IF EXISTS `migrations`;
/*!40101 SET @saved_cs_client     = @@character_set_client */;
/*!40101 SET character_set_client = utf8 */;
CREATE TABLE `migrations` (
  `id` int(10) unsigned NOT NULL AUTO_INCREMENT,
  `migration` varchar(255) COLLATE utf8mb4_unicode_ci NOT NULL,
  `batch` int(11) NOT NULL,
  PRIMARY KEY (`id`)
) ENGINE=InnoDB AUTO_INCREMENT=304 DEFAULT CHARSET=utf8mb4 COLLATE=utf8mb4_unicode_ci;
/*!40101 SET character_set_client = @saved_cs_client */;

--
-- Dumping data for table `migrations`
--

LOCK TABLES `migrations` WRITE;
/*!40000 ALTER TABLE `migrations` DISABLE KEYS */;
INSERT INTO `migrations` VALUES (288,'2019_08_19_000000_create_failed_jobs_table',1),(289,'2020_05_19_044051_create_file_table',1),(290,'2020_05_20_000000_create_companies_table',1),(291,'2020_05_21_044013_create_users_table',1),(292,'2020_05_22_031912_create_roles_table',1),(293,'2020_05_24_050238_add_companies_users_fields',1),(294,'2020_06_08_042131_create_categories_table',1),(295,'2020_06_08_042404_create_products_table',1),(296,'2020_06_08_044146_create_products_company_category_relations',1),(297,'2020_06_17_033501_create_recruitment_table',1),(298,'2020_06_28_051010_create_user_number_table',1),(299,'2020_06_28_064013_create_reset_password_table',1),(300,'2020_07_23_052912_create_subscriptions_table',1),(301,'2020_07_24_031115_create_license_table',1),(302,'2020_07_24_031256_create_license_user_table',1),(303,'2020_08_23_064759_create_payment_table',1);
/*!40000 ALTER TABLE `migrations` ENABLE KEYS */;
UNLOCK TABLES;

--
-- Table structure for table `payment`
--

DROP TABLE IF EXISTS `payment`;
/*!40101 SET @saved_cs_client     = @@character_set_client */;
/*!40101 SET character_set_client = utf8 */;
CREATE TABLE `payment` (
  `id` bigint(20) unsigned NOT NULL AUTO_INCREMENT,
  `payment_id` varchar(255) COLLATE utf8mb4_unicode_ci NOT NULL,
  `order_id` varchar(255) COLLATE utf8mb4_unicode_ci NOT NULL,
  `status` varchar(20) COLLATE utf8mb4_unicode_ci DEFAULT NULL,
  `currency` varchar(10) COLLATE utf8mb4_unicode_ci DEFAULT NULL,
  `amount` double(8,2) unsigned DEFAULT NULL,
  `user_id` bigint(20) unsigned DEFAULT NULL,
  `created_at` timestamp NULL DEFAULT NULL,
  `updated_at` timestamp NULL DEFAULT NULL,
  PRIMARY KEY (`id`),
  KEY `payment_user_id_foreign` (`user_id`),
  CONSTRAINT `payment_user_id_foreign` FOREIGN KEY (`user_id`) REFERENCES `users` (`id`) ON DELETE SET NULL
) ENGINE=InnoDB DEFAULT CHARSET=utf8mb4 COLLATE=utf8mb4_unicode_ci;
/*!40101 SET character_set_client = @saved_cs_client */;

--
-- Dumping data for table `payment`
--

LOCK TABLES `payment` WRITE;
/*!40000 ALTER TABLE `payment` DISABLE KEYS */;
/*!40000 ALTER TABLE `payment` ENABLE KEYS */;
UNLOCK TABLES;

--
-- Table structure for table `products`
--

DROP TABLE IF EXISTS `products`;
/*!40101 SET @saved_cs_client     = @@character_set_client */;
/*!40101 SET character_set_client = utf8 */;
CREATE TABLE `products` (
  `id` bigint(20) unsigned NOT NULL AUTO_INCREMENT,
  `name` varchar(255) COLLATE utf8mb4_unicode_ci NOT NULL,
  `insurer` varchar(64) COLLATE utf8mb4_unicode_ci NOT NULL,
  `created_at` timestamp NULL DEFAULT NULL,
  `updated_at` timestamp NULL DEFAULT NULL,
  PRIMARY KEY (`id`)
) ENGINE=InnoDB AUTO_INCREMENT=62 DEFAULT CHARSET=utf8mb4 COLLATE=utf8mb4_unicode_ci;
/*!40101 SET character_set_client = @saved_cs_client */;

--
-- Dumping data for table `products`
--

LOCK TABLES `products` WRITE;
/*!40000 ALTER TABLE `products` DISABLE KEYS */;
INSERT INTO `products` VALUES (2,'Term Life Insurance','D Nakama Faction','2020-08-28 11:07:05','2020-08-28 11:07:05'),(3,'Index Universal Life (IUL)','D Nakama Faction','2020-08-28 11:07:05','2020-08-28 11:07:05'),(4,'Guaranteed Universal Life (GUL)','D Nakama Faction','2020-08-28 11:07:05','2020-08-28 11:07:05'),(5,'Individual Disability','D Nakama Faction','2020-08-28 11:07:05','2020-08-28 11:07:05'),(6,'Term Life Insurance','D Nakama Faction','2020-08-28 11:07:05','2020-08-28 11:07:05'),(7,'Index Universal Life (IUL)','D Nakama Faction','2020-08-28 11:07:05','2020-08-28 11:07:05'),(8,'Guaranteed Universal Life (GUL)','D Nakama Faction','2020-08-28 11:07:05','2020-08-28 11:07:05'),(9,'Individual Disability','D Nakama Faction','2020-08-28 11:07:05','2020-08-28 11:07:05'),(10,'Term Life Insurance','D Nakama Faction','2020-08-28 11:07:05','2020-08-28 11:07:05'),(11,'Index Universal Life (IUL)','D Nakama Faction','2020-08-28 11:07:05','2020-08-28 11:07:05'),(12,'Guaranteed Universal Life (GUL)','D Nakama Faction','2020-08-28 11:07:05','2020-08-28 11:07:05'),(13,'Individual Disability','D Nakama Faction','2020-08-28 11:07:05','2020-08-28 11:07:05'),(18,'Term Life Insurance','D Nakama Faction','2020-08-28 11:07:05','2020-08-28 11:07:05'),(19,'Index Universal Life (IUL)','D Nakama Faction','2020-08-28 11:07:05','2020-08-28 11:07:05'),(20,'Guaranteed Universal Life (GUL)','D Nakama Faction','2020-08-28 11:07:05','2020-08-28 11:07:05'),(21,'Individual Disability','D Nakama Faction','2020-08-28 11:07:05','2020-08-28 11:07:05'),(22,'Term Life Insurance','D Nakama Faction','2020-08-28 11:07:05','2020-08-28 11:07:05'),(23,'Index Universal Life (IUL)','D Nakama Faction','2020-08-28 11:07:05','2020-08-28 11:07:05'),(24,'Guaranteed Universal Life (GUL)','D Nakama Faction','2020-08-28 11:07:05','2020-08-28 11:07:05'),(25,'Individual Disability','D Nakama Faction','2020-08-28 11:07:05','2020-08-28 11:07:05'),(26,'Term Life Insurance','D Nakama Faction','2020-08-28 11:07:05','2020-08-28 11:07:05'),(27,'Index Universal Life (IUL)','D Nakama Faction','2020-08-28 11:07:05','2020-08-28 11:07:05'),(28,'Guaranteed Universal Life (GUL)','D Nakama Faction','2020-08-28 11:07:05','2020-08-28 11:07:05'),(29,'Individual Disability','D Nakama Faction','2020-08-28 11:07:05','2020-08-28 11:07:05'),(30,'Term Life Insurance','D Nakama Faction','2020-08-28 11:07:05','2020-08-28 11:07:05'),(31,'Index Universal Life (IUL)','D Nakama Faction','2020-08-28 11:07:05','2020-08-28 11:07:05'),(32,'Guaranteed Universal Life (GUL)','D Nakama Faction','2020-08-28 11:07:05','2020-08-28 11:07:05'),(33,'Individual Disability','D Nakama Faction','2020-08-28 11:07:05','2020-08-28 11:07:05'),(34,'Term Life Insurance','D Nakama Faction','2020-08-28 11:07:05','2020-08-28 11:07:05'),(35,'Index Universal Life (IUL)','D Nakama Faction','2020-08-28 11:07:05','2020-08-28 11:07:05'),(36,'Guaranteed Universal Life (GUL)','D Nakama Faction','2020-08-28 11:07:05','2020-08-28 11:07:05'),(37,'Individual Disability','D Nakama Faction','2020-08-28 11:07:05','2020-08-28 11:07:05'),(38,'Term Life Insurance','D Nakama Faction','2020-08-28 11:07:06','2020-08-28 11:07:06'),(39,'Index Universal Life (IUL)','D Nakama Faction','2020-08-28 11:07:06','2020-08-28 11:07:06'),(40,'Guaranteed Universal Life (GUL)','D Nakama Faction','2020-08-28 11:07:06','2020-08-28 11:07:06'),(41,'Individual Disability','D Nakama Faction','2020-08-28 11:07:06','2020-08-28 11:07:06'),(42,'Term Life Insurance','D Nakama Faction','2020-08-28 11:07:06','2020-08-28 11:07:06'),(43,'Index Universal Life (IUL)','D Nakama Faction','2020-08-28 11:07:06','2020-08-28 11:07:06'),(44,'Guaranteed Universal Life (GUL)','D Nakama Faction','2020-08-28 11:07:06','2020-08-28 11:07:06'),(45,'Individual Disability','D Nakama Faction','2020-08-28 11:07:06','2020-08-28 11:07:06'),(50,'Term Life Insurance','D Nakama Faction','2020-08-28 11:07:06','2020-08-28 11:07:06'),(51,'Index Universal Life (IUL)','D Nakama Faction','2020-08-28 11:07:06','2020-08-28 11:07:06'),(52,'Guaranteed Universal Life (GUL)','D Nakama Faction','2020-08-28 11:07:06','2020-08-28 11:07:06'),(53,'Individual Disability','D Nakama Faction','2020-08-28 11:07:06','2020-08-28 11:07:06'),(54,'Term Life Insurance','D Nakama Faction','2020-08-28 11:07:06','2020-08-28 11:07:06'),(55,'Index Universal Life (IUL)','D Nakama Faction','2020-08-28 11:07:06','2020-08-28 11:07:06'),(56,'Guaranteed Universal Life (GUL)','D Nakama Faction','2020-08-28 11:07:06','2020-08-28 11:07:06'),(57,'Individual Disability','D Nakama Faction','2020-08-28 11:07:06','2020-08-28 11:07:06'),(58,'Term Life Insurance','D Nakama Faction','2020-08-28 11:07:06','2020-08-28 11:07:06'),(59,'Index Universal Life (IUL)','D Nakama Faction','2020-08-28 11:07:06','2020-08-28 11:07:06'),(60,'Guaranteed Universal Life (GUL)','D Nakama Faction','2020-08-28 11:07:06','2020-08-28 11:07:06'),(61,'Individual Disability','D Nakama Faction','2020-08-28 11:07:06','2020-08-28 11:07:06');
/*!40000 ALTER TABLE `products` ENABLE KEYS */;
UNLOCK TABLES;

--
-- Table structure for table `recruitment`
--

DROP TABLE IF EXISTS `recruitment`;
/*!40101 SET @saved_cs_client     = @@character_set_client */;
/*!40101 SET character_set_client = utf8 */;
CREATE TABLE `recruitment` (
  `id` bigint(20) unsigned NOT NULL AUTO_INCREMENT,
  `first_name` varchar(255) COLLATE utf8mb4_unicode_ci NOT NULL,
  `last_name` varchar(255) COLLATE utf8mb4_unicode_ci NOT NULL,
  `email` varchar(255) COLLATE utf8mb4_unicode_ci NOT NULL,
  `phone` varchar(64) COLLATE utf8mb4_unicode_ci DEFAULT NULL,
  `address` varchar(256) COLLATE utf8mb4_unicode_ci DEFAULT NULL,
  `city` varchar(256) COLLATE utf8mb4_unicode_ci DEFAULT NULL,
  `zip_code` varchar(255) COLLATE utf8mb4_unicode_ci DEFAULT NULL,
  `citizenship` varchar(255) COLLATE utf8mb4_unicode_ci DEFAULT NULL,
  `profession` varchar(255) COLLATE utf8mb4_unicode_ci DEFAULT NULL,
  `likejob` varchar(255) COLLATE utf8mb4_unicode_ci DEFAULT NULL,
  `dislikejob` varchar(255) COLLATE utf8mb4_unicode_ci DEFAULT NULL,
  `knowfrom` varchar(255) COLLATE utf8mb4_unicode_ci DEFAULT NULL,
  `desireincome` varchar(255) COLLATE utf8mb4_unicode_ci DEFAULT NULL,
  `attractivestatus` varchar(255) COLLATE utf8mb4_unicode_ci DEFAULT NULL,
  `bigachievement` varchar(255) COLLATE utf8mb4_unicode_ci DEFAULT NULL,
  `interested_us` varchar(255) COLLATE utf8mb4_unicode_ci DEFAULT NULL,
  `licenses` text COLLATE utf8mb4_unicode_ci,
  `monday` varchar(255) COLLATE utf8mb4_unicode_ci DEFAULT NULL,
  `tuesday` varchar(255) COLLATE utf8mb4_unicode_ci DEFAULT NULL,
  `wednesday` varchar(255) COLLATE utf8mb4_unicode_ci DEFAULT NULL,
  `thursday` varchar(255) COLLATE utf8mb4_unicode_ci DEFAULT NULL,
  `friday` varchar(255) COLLATE utf8mb4_unicode_ci DEFAULT NULL,
  `saturday` varchar(255) COLLATE utf8mb4_unicode_ci DEFAULT NULL,
  `second_interview_date` datetime DEFAULT NULL,
  `second_interview_assisted` tinyint(1) DEFAULT NULL,
  `hired` tinyint(1) DEFAULT NULL,
  `first_training_date` datetime DEFAULT NULL,
  `first_training_assisted` tinyint(1) DEFAULT NULL,
  `oxygen` tinyint(1) DEFAULT NULL,
  `second_training_date` datetime DEFAULT NULL,
  `second_training_assisted` tinyint(1) DEFAULT NULL,
  `referred_one_name` varchar(255) COLLATE utf8mb4_unicode_ci DEFAULT NULL,
  `referred_one_email` varchar(255) COLLATE utf8mb4_unicode_ci DEFAULT NULL,
  `referred_one_phone` varchar(255) COLLATE utf8mb4_unicode_ci DEFAULT NULL,
  `referred_two_name` varchar(255) COLLATE utf8mb4_unicode_ci DEFAULT NULL,
  `referred_two_email` varchar(255) COLLATE utf8mb4_unicode_ci DEFAULT NULL,
  `referred_two_phone` varchar(255) COLLATE utf8mb4_unicode_ci DEFAULT NULL,
  `referred_three_name` varchar(255) COLLATE utf8mb4_unicode_ci DEFAULT NULL,
  `referred_three_email` varchar(255) COLLATE utf8mb4_unicode_ci DEFAULT NULL,
  `referred_three_phone` varchar(255) COLLATE utf8mb4_unicode_ci DEFAULT NULL,
  `interview_reminder` tinyint(1) DEFAULT NULL,
  `referred_by` bigint(20) unsigned DEFAULT NULL,
  `created_at` timestamp NULL DEFAULT NULL,
  `updated_at` timestamp NULL DEFAULT NULL,
  PRIMARY KEY (`id`),
  KEY `recruitment_referred_by_foreign` (`referred_by`),
  CONSTRAINT `recruitment_referred_by_foreign` FOREIGN KEY (`referred_by`) REFERENCES `users` (`id`) ON DELETE SET NULL
) ENGINE=InnoDB AUTO_INCREMENT=151 DEFAULT CHARSET=utf8mb4 COLLATE=utf8mb4_unicode_ci;
/*!40101 SET character_set_client = @saved_cs_client */;

--
-- Dumping data for table `recruitment`
--

LOCK TABLES `recruitment` WRITE;
/*!40000 ALTER TABLE `recruitment` DISABLE KEYS */;
INSERT INTO `recruitment` VALUES (1,'Darwin','Saiz','digitalsaiz@gmail.com','7864889542','11330 nw 32nd pl','Sunris','33323',NULL,NULL,NULL,NULL,'website',NULL,'1',NULL,'1',NULL,' - ',' - ',' - ',' - ',' - ',' - ',NULL,0,0,NULL,0,0,NULL,0,NULL,NULL,NULL,NULL,NULL,NULL,NULL,NULL,NULL,0,NULL,'2020-08-28 11:07:07','2020-08-28 11:07:07'),(2,'Darwin','Saiz','darwinsaiz@gmail.com','7864889542','11330 nw 32nd pl','Sunris','33323',NULL,NULL,NULL,NULL,'website',NULL,'1',NULL,'1',NULL,' - ',' - ',' - ',' - ',' - ',' - ',NULL,0,0,NULL,0,0,NULL,0,NULL,NULL,NULL,NULL,NULL,NULL,NULL,NULL,NULL,0,NULL,'2020-08-28 11:07:07','2020-08-28 11:07:07'),(3,'Pepe','Saiz','darwinsaiz@yahoo.es','7864889542','11330 NW 32ND PL','SUNRISE','33323','USA','Software Developer',NULL,NULL,'instagram',NULL,'1',NULL,'1',NULL,' - ',' - ',' - ',' - ',' - ',' - ','2020-03-10 00:00:00',1,0,NULL,0,0,NULL,0,NULL,NULL,NULL,NULL,NULL,NULL,NULL,NULL,NULL,0,NULL,'2020-08-28 11:07:07','2020-08-28 11:07:07'),(4,'Leonardo','Acosta','leonardoacosta@dnakamafaction.com','786499999','750 SW','Miami','33434','Cuba','Vendedor','Ambiente,comida,horario','Pago,Jefe,EL de al lado.','instagram',NULL,'2','Venir USA, porque si','1','2-40',' - ',' - ',' - ',' - ',' - ',' - ','2020-03-12 14:30:00',1,0,'2020-03-12 14:00:00',1,0,NULL,0,NULL,NULL,NULL,NULL,NULL,NULL,NULL,NULL,NULL,0,NULL,'2020-08-28 11:07:07','2020-08-28 11:07:07'),(5,'Darwin','SAiz','darwinsaiz@gmail.com','7864889542','11330 nw 32nd pl','Sunris','33323',NULL,'Test','test','test','website','123.00','1','test','1','test',' - ',' - ',' - ',' - ',' - ',' - ','2020-03-30 04:00:00',1,0,NULL,0,0,NULL,0,NULL,NULL,NULL,NULL,NULL,NULL,NULL,NULL,NULL,0,1,'2020-08-28 11:07:07','2020-08-28 11:07:07'),(6,'Daniela','Chacon','danielachacon23@outlook.com','7867689714','12401 W Okeechobee Rd','Hialeah Gardens','33018','Cubana','Fundadora de DNF','Todo','Nada','instagram','10000000.00','1','Nacer','2','215','12:00 AM - 12:00 AM','12:00 AM - 12:00 AM','12:00 AM - 12:00 AM','12:00 AM - 12:00 AM','12:00 AM - 12:00 AM','12:00 AM - 12:00 AM','2020-04-14 02:30:00',1,1,'2020-04-22 05:30:00',1,0,NULL,0,'J','danielachacon23@outlook.com','7867689714','Daniela','danielachacon23@yahoo.com','7867689714','Daniela','danielachacon83@gmail.com','7867689714',0,33,'2020-08-28 11:07:07','2020-08-28 11:07:07'),(7,'Test','Saiz','contact@digitalsaiz.com','786 488 9542','11330 NW 32ND PL','SUNRISE','33323-1410',NULL,'Vendedor','Todo','Nada','facebook','100000.00','1','Por ello','1','No',' - ',' - ',' - ',' - ',' - ',' - ','2020-04-08 08:00:00',1,1,NULL,0,0,NULL,0,NULL,NULL,NULL,NULL,NULL,NULL,NULL,NULL,NULL,0,NULL,'2020-08-28 11:07:07','2020-08-28 11:07:07'),(8,'Lorena','Maculada','webmaster@digitalsaiz.com','7865555454','11330 NW 32ND PL','SUNRISE','33323-1410',NULL,'afv','asfv','asfv','facebook','21312312.00','1','dfvavf','1','afsvasv',' - ',' - ',' - ',' - ',' - ',' - ',NULL,0,1,NULL,0,0,NULL,0,NULL,NULL,NULL,NULL,NULL,NULL,NULL,NULL,NULL,0,NULL,'2020-08-28 11:07:07','2020-08-28 11:07:07'),(9,'Ela','Ela','webmaster@digitalsaiz.com','87689','1822 Verona st','kissimi','34741',NULL,'lkb','lblkjh','lhbljkh','website','8765786.00','1','lhbjh','1','kjvjkh',' - ',' - ',' - ',' - ',' - ',' - ',NULL,0,1,NULL,0,0,NULL,0,NULL,NULL,NULL,NULL,NULL,NULL,NULL,NULL,NULL,0,1,'2020-08-28 11:07:07','2020-08-28 11:07:07'),(10,'Yaima','Castillo','yaimalegendary@dnakamafaction.com','7867689714','12401 W Okeechobee Rd','Hialeah Gardens','33018','Cuban','Office Manager','X','X','instagram','200000.00','2','VENIR A USA','2','214 y 240',' - 05:00 AM',' - 03:00 AM',' - 06:00 AM',' - 06:00 AM',' - 07:00 AM',' - 08:00 AM','2020-04-21 02:30:00',1,1,'2020-04-22 02:30:00',1,1,'2020-04-25 01:30:00',1,'Daniela','danielachacon23@yahoo.com','7867689714','Daniela','danielachacon23@yahoo.com','7867689714','Daniela','danielachacon23@yahoo.com','7867689714',0,33,'2020-08-28 11:07:07','2020-08-28 11:07:07'),(11,'Daniela','Chacon','danielachacon23@yahoo.com','7867689714','12401 W Okeechobee Rd','Hialeah Gardens','33018','Cubana ','Agente','X','X','instagram','150000.00','1','USA','1','214/240',' - 07:00 AM',' - 11:00 AM','12:00 PM - 12:00 PM',' - 01:00 PM',' - 03:00 PM',' - 05:00 PM','2020-04-14 02:30:00',1,1,'2020-04-15 05:30:00',1,0,'2020-04-11 01:30:00',1,'Daniela','danielachacon23@yahoo.com','7867689714','Daniela','danielachacon23@yahoo.com','7867689714','Daniela','danielachacon23@outlook.com','7867689714',0,33,'2020-08-28 11:07:07','2020-08-28 11:07:07'),(12,'John','Due','drmathiu@gmail.com','7865555555','11330 NW 32nd PL','Sunrise','33323','USA','Vendedor','Todo','Nada','instagram','3000000.00','1','Vivir en ella','1','No',' - 09:00 PM',' - ',' - ',' - ',' - ',' - ','2020-04-10 05:00:00',0,1,NULL,0,0,NULL,0,'John Dos','john@dnf.com','7864444444','John Tres','johntres@dnf.com','7863333333','John Cuatro','johncuatro@dnf.com','7869999999',0,1,'2020-08-28 11:07:07','2020-08-28 11:07:07'),(13,'Sayli ','Saavedra','saylisaavedra@icloud.com','7864208458','9437 SW, 145th Place','Miami','33186','Cubana','DNF CFO','People','None','website','500000000.00','2','DNF','2','Si',' - ',' - ',' - ',' - ',' - ',' - ',NULL,0,0,NULL,0,0,NULL,0,NULL,NULL,NULL,NULL,NULL,NULL,NULL,NULL,NULL,0,23,'2020-08-28 11:07:07','2020-08-28 11:07:07'),(14,'Daniela','Chacon','danielachacon83@gmail.com','7867689714','12401 W Okeechobee Rd','Hialeah Gardens','33018','Cubana','Empresaria','X','X','friend','200000.00','1','X','1','240','12:00 AM - 06:00 AM',' - 08:00 AM',' - ',' - ',' - ',' - ','2020-04-14 10:30:00',1,1,'2020-04-15 02:30:00',1,0,'2020-04-18 01:30:00',1,'Daniela','danielachacon23@outlook.com','7867689714','Daniela','danielachacon23@outlook.com','7867689714','Daniela','danielachacon23@outlook.com','7867689714',0,24,'2020-08-28 11:07:07','2020-08-28 11:07:07'),(15,'Madalena','Drlstorrr','maggi26wood@gmail.com','6786986845','12369 nw 98th lane','Hialeah gardens','33018','Cubsn','Nsda','Nada','Everyghi g','facebook','20000.00','1','Usa','1','No','05:00 AM - 04:00 AM','04:00 AM - 11:00 AM','07:00 AM - 01:00 AM',' - ',' - ',' - ',NULL,0,0,NULL,0,0,NULL,0,NULL,NULL,NULL,NULL,NULL,NULL,NULL,NULL,NULL,0,64,'2020-08-28 11:07:07','2020-08-28 11:07:07'),(16,'Lorna','Paccor','lornapaccor@gmail.com','3058462916','102 SW Sixth Ave','Miami, FL  Estados Unidos','33130','Argentina ','Ninguna ','Ser pro activa, crecer y cumplir objetivos ','La competencia, las desigualdades y la mala onda ','facebook','7.00','1','Ser encargada en una tienda de ropa en época de ventas grandes ','1','No ',' - 05:00 PM',' - 05:00 PM',' - 06:00 PM',' - 08:00 PM',' - 04:00 PM',' - 03:00 PM','2020-04-14 02:30:00',1,1,'2020-04-15 05:30:00',1,0,NULL,0,'Lorna','Lornapaccor@gmail.com','3058462916','Lorna',NULL,NULL,NULL,NULL,NULL,0,71,'2020-08-28 11:07:07','2020-08-28 11:07:07'),(17,'Evandro ','Arquaz ','brunoarquaz5@gmail.com','7862196315 ','1443 Southwest 4th Street. Apt 5','MIAMI','33135','Brasileiro','Unemployed ','Todo me gustas trabajar','Estar en la casa sin trabajo ','facebook','100000.00','2','Mi próprio departamento ','1','No','12:00 AM - 11:00 PM','12:00 AM - 11:00 PM','12:00 AM - 11:00 PM','12:00 AM - 11:00 PM','12:00 AM - 11:00 PM','12:00 AM - 11:00 PM','2020-04-14 10:30:00',1,1,NULL,0,0,NULL,0,'Elines sarmiento ',NULL,'6786971365','Yesleybi ',NULL,'7868629176','Kevin ',NULL,'7863290348',0,71,'2020-08-28 11:07:07','2020-08-28 11:07:07'),(18,'Stephany','Lanza','stephanylanza37@yahoo.com','3057265828','41 nw 27 th ct','Miami','33125','Honduras','Estudiando ingles','Trabajar desde casa,Trabajar en línea,generar muchos ingresos.','Generar pocos ingresos,visitar a los clientes en sus casas,','facebook','1000000.00','1','Vivir en estados unidos','2','No',' - 05:00 PM',' - 05:00 PM',' - 05:00 PM',' - 05:00 PM',' - 05:00 PM',' - 05:00 PM','2020-04-17 05:30:00',1,1,'2020-04-17 05:30:00',1,0,NULL,0,NULL,NULL,NULL,NULL,NULL,NULL,NULL,NULL,NULL,0,64,'2020-08-28 11:07:07','2020-08-28 11:07:07'),(19,'Nelson','Rueda','nelson_da13@hotmail.com','7869735590','2851 Sheridan ave','Miami beach','33140','Colombiano','Asesor comercial','Ventas\r\nPlanes comerciales\r\nEstrategias','No cumplir planes comerciales\r\nNo superarme \r\nPoco tiempo con la familia','facebook','70000000.00','2','Mi familia','1','No',' - 05:00 PM',' - 05:00 PM',' - 05:00 PM',' - 05:00 PM',' - 05:00 PM',' - 12:00 PM','2020-04-14 10:30:00',1,1,'2020-04-15 05:30:00',1,0,NULL,0,'Carlos alfano','Carlosalfano17@yahoo.es','3508172343','Melissa murillo','Mmurillo@hotmail.com','7867214504','Alejandro rueda','Nalejo57@hotmail.com','7865123947',0,71,'2020-08-28 11:07:07','2020-08-28 11:07:07'),(20,'Daniela','Chacon','danielachacon23@yahoo.com','7867689714','12401 W Okeechobee Rd','Hialeah Gardens','33018','Cuban ','Empresaria','X','X','facebook','200000.00','1','USA','2','214','12:00 AM - 03:00 AM',' - 02:00 AM',' - ',' - ',' - ',' - ','2020-04-14 10:30:00',1,1,'2020-04-15 05:30:00',1,0,NULL,0,'Daniela','danielachacon23@yahoo.com','7867689714','Daniela','danielachacon23@yahoo.com','7867689714','Daniela','danielachacon23@yahoo.com','7867689714',0,33,'2020-08-28 11:07:07','2020-08-28 11:07:07'),(21,'Angelica ','Higa','ahigakoga20@msn.com','7869302600','4613 sw 136 pl ','Miami, fl','33175','Peru','Agente de seguros','Ingresos altos\r\nHorarios\r\nCapacitación','Jefe\r\nSueldo\r\nNo hay crecimiento ','website','1000000.00','1','Estar vivo','2','No',' - ',' - ',' - ',' - ',' - ',' - ',NULL,1,1,NULL,1,1,NULL,1,NULL,NULL,NULL,NULL,NULL,NULL,NULL,NULL,NULL,0,104,'2020-08-28 11:07:07','2020-08-28 11:07:07'),(22,'Daniela','Hernandez','daniela.hernandez4915@gmail.com','7867183504','3082 NW 4th Street','Miami','33125','Cubana','Estudiante ','De mi trabajo me gusta el hecho de que puedo ganar habilidades a la hora de realizar ventas ya que es algo que me interesa profesinalmente  , y además tengo la oportunidad de conseguir la licencia requerida para esto ','Algunas cosas que no me gustan de mi trabajo es que algunos clientes pueden ser un poco irrespetuosos a veces , pero se que siempre debo mantener la calma y ser muy cordial ante cualquier situación ','facebook','30000.00','2','Mi mayor logro hasta ahora fue trabajar en la agencia de seguros Del Toro I insurance,  ya que gane ahí habilidades de ventas que me han servido para mi vida profesional ','1','No',' - 09:00 PM',' - 09:00 PM',' - 09:00 PM',' - 09:00 PM',' - 09:00 PM','12:00 PM - 05:00 PM','2020-04-16 02:30:00',1,1,NULL,0,0,NULL,0,NULL,NULL,NULL,NULL,NULL,NULL,NULL,NULL,NULL,0,71,'2020-08-28 11:07:07','2020-08-28 11:07:07'),(23,'Ricardo','Arias','richard.arias271@gmail.com','7866130224','14320 SW 161 pl, Miami Fl, 33196','Miami ','33196','USA','Ingeniero','Ventas , conozco gente y cierro negocios .','mentira , soborno y envidia','linkedin','150000.00','1','Director Comercial de Ecuador y Colombia y haber manejado mas de 100 vendedores a nivel nacional ','2','Ninguno',' - 09:00 PM',' - 09:00 PM',' - 09:00 PM',' - 09:00 PM',' - 09:00 PM',' - 07:00 PM','2020-04-16 02:30:00',1,1,'2020-04-17 05:30:00',1,0,'2020-04-18 01:30:00',1,'Juan Manuel Aguilo ',NULL,'2034567890','Alejandro Pineda',NULL,'7866124567','Christian Cevallos',NULL,'786543234',0,62,'2020-08-28 11:07:07','2020-08-28 11:07:07'),(24,'Carlos','Rodriguez','carrod240872@gmail.com','7866424342','515 santander ave','Coral Gables','33134','Nicaraguense','Comerciante','Disponibildad\r\nsalario\r\nRelaciones interpersonales','salario fijo','friend','5000.00','1','Mi carrera profesional','1','si','01:00 PM - 05:00 PM','01:00 PM - 05:00 PM','01:00 PM - 05:00 PM','01:00 PM - 05:00 PM','01:00 PM - 05:00 PM','10:00 AM - 02:00 PM',NULL,0,0,NULL,0,0,NULL,0,'Rosa Maria Espinales','rmespinales@yahoo.es','7863129507','Adolfo Romero','aromero@thepluyerteam.com','3058968634','Juan Francisco Gomez','juan2458@gmail.com','7838579674',0,72,'2020-08-28 11:07:07','2020-08-28 11:07:07'),(25,'Elena','Moran ','orizonte_02@hotmail.com','7862706834','1301 NE Miami Gardens Dr. #222','North MIami Beach','33179','Española ','Administrativa y Musico','Me encanta trabajar ','Nada ','friend','200000.00','2','Aún está por venir! Pero siempre tengo grandes expectativas y siempre logro todo lo que me propongo','1','No','12:00 AM - 11:00 PM','12:00 AM - 11:00 PM','12:00 AM - 11:00 PM','12:00 AM - 11:00 PM','12:00 AM - 11:00 PM','12:00 AM - 11:00 PM','2020-04-25 17:30:00',1,0,NULL,1,1,NULL,1,'Carlos Colina','Orizonte_02@hotmail.com','7862706090','Evy Perger','Grupotakikardia@hotmail.com',NULL,'Romina Mari','Copuli@hotmail.com','696771668',0,NULL,'2020-08-28 11:07:07','2020-08-28 11:07:07'),(26,'LISSETTE','PENA','penalissette93@gmail.com','9569001719','12501 NE 6 AVE  APTO.402','NORTH EAST','33161','cuba','n/n','team player ','n/n','facebook','50000.00','1','estudiar','1','no',' - ',' - ',' - ',' - ',' - ',' - ',NULL,0,0,NULL,0,0,NULL,0,'mirna ',NULL,'9565709790','salvador',NULL,'9563302288','leticia',NULL,'3054958907',0,79,'2020-08-28 11:07:07','2020-08-28 11:07:07'),(27,'Milagros ','Gonzalez','migonzal95@gmail.com','4076709914','33 W Colonial Drive Apto. 3320','Orlando Florida','32801','Venezolana','Administradora','Compartir mis experiencia con otros, asi como ser útil en mi trabajo.','Dependencia de horario de oficina.','website','100.00','1','Lograr desarrollarme profesionalmente en mi carrera, asi como constituir una familia y poder darles tanto estabilidad económica como bienestar y seguridad.','1','no',' - 05:00 PM',' - 05:00 PM',' - 05:00 PM',' - 05:00 PM',' - 05:00 PM',' - 12:00 PM','2020-04-21 02:30:00',0,0,NULL,0,0,NULL,0,NULL,NULL,NULL,'Evelyn',NULL,NULL,NULL,NULL,NULL,0,99,'2020-08-28 11:07:07','2020-08-28 11:07:07'),(28,'Shexani Patricia','Montoya','spatymont@gmail.com','7866830911','4705 SW 163 RD place','Kendall','33185','Venezolana','Ingeniero Industrial','Trabajar en equipo, responsabilidad y honestidad','La competencia, la rivalidad y la superioridad','instagram','2000000.00','1','Mi mayor logro ha sido personal, ser madre porque el me impulsa a ser mejor cada dia como persona','1','Actualmente no','08:00 AM - 02:00 PM','08:00 AM - 02:00 PM','08:00 AM - 02:00 PM','08:00 AM - 02:00 PM','08:00 AM - 12:00 PM',' - ',NULL,0,0,NULL,0,0,NULL,0,'Ismael Marsan','Ismaelm233@hotmail.com','786-246-8977','Leidy Paola Camacho','Leidy_camacho22@hotmail.com','7868781607','Dayana Rojas','dayicrg@gmail.com','786-757-0831',0,79,'2020-08-28 11:07:07','2020-08-28 11:07:07'),(29,'Adolfo','Romero','adolfoloans@hotmail.com','7866067878','3000 oasis grand Blvd, Uph4','Fort Myers','33917','Usa','Finance.','Horario, ventas y dinero.','N/A','website','400000.00','1','Viajar ','1','Si',' - ',' - ',' - ',' - ',' - ',' - ',NULL,0,0,NULL,0,0,NULL,0,'Feliz ',NULL,'7862345654','Armand',NULL,'3059877524','Anthony ',NULL,'3058977245',0,72,'2020-08-28 11:07:07','2020-08-28 11:07:07'),(30,'Carlos ','Colina','carlosvox1@gmail.com','7862706090','1301 NE Miami Gardens Dr #222','North MIami Beach ','33179','Española','Técnico Electronico','Todo ','Nada','friend','120000.00','2','Graduarme en Electronica','1','No','12:00 AM - 11:00 PM','12:00 AM - 11:00 PM','12:00 AM - 11:00 PM','12:00 AM - 11:00 PM','12:00 AM - 11:00 PM','12:00 AM - 10:00 PM','2020-05-23 18:06:00',1,0,NULL,1,1,NULL,1,'Eli Custodio',NULL,'3054313475','Elena Moran','Orizonte_02@hotmail.com','7862706834','Karla Linares',NULL,'7866095324',0,NULL,'2020-08-28 11:07:07','2020-08-28 11:07:07'),(31,'luis','moreno','luismorenoseguros@gmail.com','4076758878','1045 SW 5th ST APTO 11','MIAMI','33130','VENEZOLANO','VALET PARKING','ATENCION AL CLIENTE\r\nMANEJAR VEHICULOS DE ALTA GAMA \r\nHORARIO FLEXIBLE','INGRESOS BAJOS\r\nNO HAY CRECIMIENTO PERSONAL\r\nEMPLEADO','facebook','1000000.00','1','HABER LLEGADO A LOS ESTADOS UNIDOS ES UN PAIS DE OPORTUNIDADES','1','NO',' - 09:00 PM',' - 09:00 PM',' - 09:00 PM',' - 09:00 PM',' - 09:00 PM',' - 09:00 PM','2020-04-21 02:30:00',1,1,'2020-04-22 10:30:00',1,0,NULL,0,'CARMEN','soraidacarrillo@gmail.com','7864242867','marisol ','mrsmartsolutionsllc@gmail.com','407 233 9952',NULL,NULL,NULL,0,71,'2020-08-28 11:07:07','2020-08-28 11:07:07'),(32,'Ariel','Fernandez ','aguado.ariel1@gmail.com','7867678997','5555 Collins Ave ','Miami Beach ','33140','Cuba','Ventas','Horario\r\nAyudar a personas \r\nCobro por esfuerzo ','Solo una co\r\nNo puedo vender obamacare \r\nNo puedo tener mi propio negocio ','facebook','1000000.00','1','Tener un negocio ','2','214 240',' - ',' - ',' - ',' - ',' - ',' - ','2020-04-18 11:00:00',1,1,'2020-04-18 11:33:00',1,1,NULL,0,NULL,NULL,NULL,NULL,NULL,NULL,NULL,NULL,NULL,0,30,'2020-08-28 11:07:07','2020-08-28 11:07:07'),(33,'Juan','Riiz','aguado.ariel1@yahoo.es','786789098','5555 Collins ave ','Miami Beach ','33140','Cuba','Ventas','Te\r\nTry\r\nHui\r\n','Hoy \r\nNo\r\nHola','facebook','3000000.00','1','USA ','2','240',' - ',' - ',' - ',' - ',' - ',' - ',NULL,0,0,NULL,0,0,NULL,0,NULL,NULL,NULL,NULL,NULL,NULL,NULL,NULL,NULL,0,117,'2020-08-28 11:07:07','2020-08-28 11:07:07'),(34,'Susan ','Machado','susanmv98@gmail.com','3056761837','7721 nw 77','Miami','33126','Cubana','Jjajsn','Bdbz jwjdjfb hejdjbd','Hsydyf hdhhw hdhjd','website','200000.00','1','Habzbx','1','Si',' - ',' - ',' - ',' - ',' - ',' - ','2020-04-18 01:00:00',1,1,NULL,0,0,NULL,0,NULL,NULL,NULL,NULL,NULL,NULL,NULL,NULL,NULL,0,96,'2020-08-28 11:07:07','2020-08-28 11:07:07'),(35,'Elba E','Rivas','enid5558@gmail.com','7872176757','Primrose Dr','Davenport ','33837','Puerto Rico','Reparación de Crédito ','Ayudar a las personas, escuchar su situación y ofrecerles una alternativa que les dá tranquilidad. ','Nada','facebook','80000.00','2','Cumplir con las metas propuestas ','2','No',' - 05:00 PM',' - 05:00 PM',' - 05:00 PM',' - 05:00 PM',' - 04:00 PM',' - 02:00 PM','2020-04-21 14:30:00',1,1,'2020-04-24 17:30:00',0,0,NULL,0,'Marlene Miranda ','marlamiranda5@yahoo.com',NULL,'Hector Rodriguez ','poincianacare@gmail.com',NULL,'Vanessa Roman','vanessa@bohcf.com',NULL,0,99,'2020-08-28 11:07:07','2020-08-28 11:07:07'),(36,'Sanit','Meza','sanitmeza@gmail.com','4072355220','9703 avellino Av unit 1213','Orlando','32819','Ecuatoriana venezolana','Trabajadora social','Trabajo de casa\r\nInteractuar personas','Bajo ingreso\r\nO incentivos','other','150009.00','1','Mi familia producir para ellos ','1','No','10:00 PM - 07:00 PM','10:00 PM - 07:00 PM','10:00 PM - 07:00 PM','10:00 PM - 07:00 PM','10:00 PM - 06:00 PM','10:00 PM - 04:00 PM','2020-04-21 10:30:00',0,0,NULL,0,0,NULL,0,'Edmund promes','edmundpromes@hotmail.com','4072350619','Isabel de meza','Isabelsdemeza@hotmail.com','4072355222','Rafael Meza','Rafameza@gmail.com','4072367890',0,99,'2020-08-28 11:07:07','2020-08-28 11:07:07'),(37,'Jazmin','Nazario','jazminazario1715@gmail.com','8132556460','5131 Serena Dr','Tampa','33617','Puerto Rico','Ama de Casa','equipo ayudar a las personas','inpuntualidad ausencia del trabajo incumplir con las tareas','other','40000.00','1','culminar estudios luego de dar luz','2','no',' - 03:00 PM',' - 03:00 PM',' - 03:00 PM',' - 03:00 PM',' - 03:00 PM',' - 03:00 PM','2020-04-21 17:30:00',1,1,'2020-04-24 17:30:00',1,1,'2020-04-25 01:30:00',1,'Jesus Rivera','churivera25@gmail.com','8133254122','Charytin Perez','charytinperez33@gmail.com','8135604645','Jazmin Ocasio','jazminazario1715@gmail.com','7876679934',0,99,'2020-08-28 11:07:07','2020-08-28 11:07:07'),(38,'Claudia Alejandra','Flores','claudiaflorescorrea42@gmail.com','573005471859','Cr57 Cl 44-77','Medellín - Colombia','055410','Venezolana','Administración de empresas','Trabajo en equipo\r\nAtención al cliente\r\nBuen desenvolvimiento en las actividades','Falta de comunicación\r\nNo alcanzar las metas\r\nFalta de compromiso para escalar dentro de la organización','friend','30000.00','1','En estos últimos años llegar a un país desconocido lograr entrar en una organización como obrera y al poco tiempo escalar al cargo de supervisora de venta a nivel nacional','1','No','08:00 AM - 06:00 PM','08:00 AM - 06:00 PM','08:00 AM - 06:00 PM','08:00 AM - 06:00 PM','08:00 AM - 06:00 PM','09:00 AM - 04:00 PM',NULL,0,0,NULL,0,0,NULL,0,'Pio Raffaele Rizzi','raffaele.14.r@gmail.com','573042163885','Erika Rojas','Erika_rojasd@hotmail.com','19546624548','Julieth Barrera','Juliethbarrera07@gmail.com','573002012945',0,34,'2020-08-28 11:07:07','2020-08-28 11:07:07'),(39,'Hernan David','Menjura Riveros','hernan.menjura.riveros@gmail.com','4078609843','6852 WEISER STREET','orlando','32821','colombiano','mantenimiento','mis funciones, la estabilidad y el ambiente laboral','la distancia, el horario, casi no comparto con mi familia','facebook','76.00','1','mi carrera, mi familia, y aun faltan muchos mas en este pis de oportunidades.','1','no','12:00 AM - 11:00 PM','12:00 AM - 11:00 PM','12:00 AM - 11:00 PM','12:00 AM - 11:00 PM','12:00 AM - 11:00 PM','12:00 AM - 11:00 PM','2020-04-21 10:30:00',1,1,'2020-04-22 10:30:00',1,1,'2020-04-25 12:00:00',1,'johana camargo','johana.camargo0509@gmail.com','4075029949','Monica David','monicadavid0472@gmail.com','4077232749','Jorge Alvarez','jcanemo@hotmail.com','4077236461',0,71,'2020-08-28 11:07:07','2020-08-28 11:07:07'),(40,'Sheyla','Ariza','sheylairela@gmail.com','7862861544','6430 taft st ','Hollywood fl ','33024','Cubana ','Custumer service ','La puntualidad \r\nLa comodidad  de trabaje cerca de casa \r\nAmbiente comodo','No pagan muy bien \r\nAlgunas personas son un poco groseras \r\nNo pagan over time \r\n','other','100000.00','2','Entrar en la universidad ','1','No',' - ',' - ',' - ',' - ',' - ',' - ',NULL,1,1,NULL,0,0,NULL,0,'Bryan Garlobo ',NULL,'7542604311','Sebastián ',NULL,'7546100907','Carolina ',NULL,'7867609689',0,62,'2020-08-28 11:07:08','2020-08-28 11:07:08'),(41,'Maria','Fabelo','fabelo.m@yahoo.com','7868778069','132 East concord st ','Orlando ','32801','Cubana','Desempleada','N/a','N/a','facebook','50000.00','1','Traer a mi abuela para los Estados Unidos para que tenga mejor vida. ','2','No',' - 04:00 PM',' - 04:00 PM',' - 04:00 PM',' - 04:00 PM',' - 04:00 PM',' - 04:00 PM','2020-04-21 14:30:00',0,0,NULL,0,0,NULL,0,'Damaris Oliva',NULL,'9545344204','Ana Rodriguez',NULL,'7867400575','Edgar Perez ',NULL,'3212082216',0,99,'2020-08-28 11:07:08','2020-08-28 11:07:08'),(42,'Norka ','Ramirez ','Norka6680@gmail.com','8633078755','Washington palm loop','Davenport','33897','Venezolana','Cleaner ','Puedo administrar mi tiempo\r\nAmbiente de trabajo tranquilo\r\nJefe amable y considerado\r\n','Me desgastó físicamente \r\nDebo trasladarme al sitio que queda retirado de mi casa\r\nMe expongo a enfermarme por ejemplo del coronavirus \r\n','other','70000.00','1','Tener una linda familia la cual me ha acompañado siempre en otros logros como graduarme de ingeniero entre otras cosas','2','No',' - 04:00 PM',' - 04:00 PM',' - 04:00 PM',' - 04:00 PM',' - 12:00 PM',' - ','2020-04-21 10:30:00',1,0,NULL,0,0,NULL,0,NULL,NULL,NULL,NULL,NULL,NULL,NULL,NULL,NULL,0,99,'2020-08-28 11:07:08','2020-08-28 11:07:08'),(43,'Alberto','Ruiz','josealbertoruizalvarez1990@gmail.com','3055600182','881 SW 128TH CT','MIAMI','33184','Mexicano','Encargado se obra','La labor que desempeño las actividades que realizo y el ambiente ','El horario el desgaste fisico y el polvo','instagram','200000.00','1','Salir adelante gente a todos mis fracazos y adversidades','1','No',' - 05:00 PM',' - 05:00 PM',' - 05:00 PM',' - 05:00 PM',' - 05:00 PM',' - 02:00 PM','2020-04-21 10:30:00',1,1,'2020-04-22 10:30:00',1,1,'2020-04-25 12:00:00',1,'Laura Alvarez ','Ln.lauraruiz@gmail.com','9612334276','Rafa gaytan','Gaytan1990@hotmail.com','9564779146','Carlos leon ','Leoncarloa1999@gmail.com',' 8452824481',0,71,'2020-08-28 11:07:08','2020-08-28 11:07:08'),(44,'Yina','Villanueva','yinaluz@hotmail.com','7868620738','11007 Laguna Bay Dr','Orlando','32821','Venezolana','Odontologa','Desempeño , Esfuerzo y Dedicación ','Mucha competencia, bajo ingreso, cumplimiento de horario ','other','25000.00','1','Graduarme de Odontóloga , porque creí no iba a lograrlo ya que se me presentaron muchas trabas ','1','No','09:00 PM - 05:00 PM','09:00 PM - 05:00 PM','09:00 PM - 05:00 PM','09:00 PM - 05:00 PM','09:00 PM - 05:00 PM','09:00 PM - 02:00 PM','2020-04-21 14:30:00',0,0,NULL,0,0,NULL,0,'Miladys Gomez','miladysgomez2@gmail.com','3214022218','Yeyson Farfan','Yeysonfarfan@hotmail.com','4077588814','Carolina Uzcanga ','carolina_uzcanga_brea@hotmail.com','7862001314',0,99,'2020-08-28 11:07:08','2020-08-28 11:07:08'),(45,'Kelly ','Gutierrez','kyuguti@gmail.com','5614602656','1977 brandywine rd apt 205','West Palm beach','33409','Venezolana ','Comerciante ','Interactuar con gente ','Nada ','facebook','5000.00','1','Vivir en usa por que llegue sola y con muy poco dinero ','1','No','09:00 AM - 07:00 PM','09:00 AM - 07:00 PM','09:00 AM - 07:00 PM','09:00 AM - 07:00 PM','09:00 AM - 07:00 PM','10:00 AM - 04:00 PM',NULL,0,0,NULL,0,0,NULL,0,'Yessica gutierrez','Gurgu10@gmail.com','5617203052','Michael Alvarez ','Mandmstore17@gmail.com','3054091893','William gutierrez ','Venmarket1@gmail.com','5618274971',0,106,'2020-08-28 11:07:08','2020-08-28 11:07:08'),(46,'Susana','De La Fuente','susandlf.sdlf@gmail.com','7864879369','1001 SW 143 Av Pembroke Pines','Miami','33027','Venezolana','Lic en contaduría publica','Trabajar de forma independiente, relacionarme con los clientes y resolver los problemas de ellos','Nada es perfecto pero tal vez cuando no puedo resolver algo, por factores que no dependen de mi','other','120000.00','1','Ser profesional e independiente. Me dan libertad','1','Soy Contador publico','09:00 PM - 06:00 PM','09:00 PM - 06:00 PM','10:00 PM - 07:00 PM','09:00 PM - 05:00 PM','09:00 PM - 05:00 PM','10:00 PM - 04:00 PM','2020-04-21 17:30:00',0,0,NULL,0,0,NULL,0,'Jaqueline nur','nur.vallejo@hotmail.com','9543302321','Soledad Rossetto','nievessoledadrossetto@hotmail.com','7866750829','Yenisse Gonzalez','yenissegonzalez@yahoo.es','5612151644',0,99,'2020-08-28 11:07:08','2020-08-28 11:07:08'),(47,'Arianne','Arocho','arochopamela@gmail.com','4073079452','12305 Augusta Woods Ct','Orlando','32824','Puertorriqueña','Desempleada','N/A','N/A','facebook','38400.00','2','Mi mayor motivación son mis hijos por que me motivan a ser mejor persona y me impulsan a lograr mis logros y objetivos.','2','No','09:00 AM - 06:00 PM','09:00 AM - 06:00 PM','09:00 AM - 06:00 PM','09:00 AM - 06:00 PM','09:00 AM - 06:00 PM','09:00 AM - 06:00 PM',NULL,0,0,NULL,0,0,NULL,0,'Paola Soto','pcsg99@gmail.com','3213529685','Ruth Graciano','rgraciano55@gmail.com','4076558958','Jose Rodriguez','jarod103150@gmail.com','3212780056',0,109,'2020-08-28 11:07:08','2020-08-28 11:07:08'),(48,'Yessica ','Gutierrez ','yessicaguti@gmail.com','5617203052','6202 Sherwood Glen Way Apart 4 ','West Palm Beach ','33415','Venezolana ','Hogar ','Interactuar con gente \r\nHablar ','Nada ','facebook','50000.00','1','Vivir en Estados Unidos ','1','No','09:00 AM - 05:00 PM','09:00 AM - 05:00 PM','09:00 AM - 05:00 PM','09:00 AM - 05:00 PM','09:00 AM - 05:00 PM','08:00 AM - 02:00 PM',NULL,0,0,NULL,0,0,NULL,0,'Eduard Márquez ','eduardjosemarqueza@gmail.com','5615709988','Kelly Gutiérrez ','kyuguti@gmail.com','5614602656','Fernanda Solano ','Fernandasolano56@gmail.com','5615438490',0,106,'2020-08-28 11:07:08','2020-08-28 11:07:08'),(49,'kevin','ortiz  nova','kevinortiznova77@gmail.com','56 9 52334997','marcos serrano, 228','tome ','4160000','chilena','reponedor','el ordene que se debe de tener.\r\nla planficacion.\r\nel ambiente laboral.','mal salario\r\nirreponsabildad\r\nfalta de motivación de jefes','other','4000.00','2','el mayor logro de mi vida fue conformar una hermosa familia junto a mi señora y mi hijo, y el otro fue tener un negocio de ventas de ropa, por que me genero una independencia laboral que creo que es muy importante','1','no tengo licencia','09:00 AM - 06:00 PM','09:00 AM - 06:00 PM','09:00 AM - 06:00 PM','09:00 AM - 06:00 PM','09:00 AM - 06:00 PM',' - ',NULL,0,0,NULL,0,0,NULL,0,'jean palavicino','jcpalavicino.contratista@gmail.com','56962663205','jaime eriz ','beachmarketdichato@gmail.com','569412683681','jose hidalgo','jmhidalgo@sodimac.cl','56956179056',0,34,'2020-08-28 11:07:08','2020-08-28 11:07:08'),(50,'Edgar','Urbenata','edgarurbenata465@gmail.com','7867258201','6855 Byron ave apto 12 A','miami beacg','33141','Venezolano','Vendedor','el horario\r\nempresa lider en el mercado\r\ncalidad de los productos','pago mensual\r\npago por algunos entrenamiento y tecnicas de venta\r\nkit obligado de comprar para clientes nuevos','website','12000.00','1','desarrollo laboral y vivir en una vida a plenitud con todas las comodidas que todos necesitamos [casa, negocio, vehiculos y cuentas bancarias','1','constancia de curso  de seguros',' - 05:00 PM',' - 05:00 PM',' - 05:00 PM',' - 05:00 PM',' - 05:00 PM',' - 12:00 PM','2020-04-21 10:30:00',1,1,'2020-04-22 10:30:00',1,0,NULL,0,'juan','redcaiz@gmail.com','7866944811','pilar','pilarcoromota68@gmail.com','7864750546','carlos','carlosmejiasmedina@icloud.com','3214027631',0,71,'2020-08-28 11:07:08','2020-08-28 11:07:08'),(51,'Ingrid','Arce','joanna4658@gmail.com','4077148617','6179 westgate dr apt 426','Orlando','32835','Peru','Administración','Responsabilidad, puntualidad y disciplina ','Injusticia, irresponsabilidad y falta de compromiso','facebook','100000.00','1','Terminar mis estudios universitarios y a la vez el reconocimiento que he recibido en mis antiguos trabajos.','1','No',' - ',' - ',' - ',' - ',' - ',' - ',NULL,0,0,NULL,0,0,NULL,0,'Jesús Alvarado','jesusalvarado54@outlook.com','4015451653','Mario da Silva ','mariodasilva@gmail.com','4072723068','Maria Rivero ','chinitacrema@hotmail.com','3212976188',0,119,'2020-08-28 11:07:08','2020-08-28 11:07:08'),(52,'Carolina','Diaz','dayash1409@gmail.com','3863079907','2122 W Oaca Ridge Rd Apartamento B','Orlando','32809','Venezolana','ama de casa','equipo\r\nbuen servicio al cliente\r\ndesarrollo dentro de la empresa','ambiente tenso\r\nno trabajar en equipo','other','1000000000.00','1','Poder crecer profesionalmente y haber adquirido destrezas y habilidades durante el periodo de trabajo y en la vida','2','No','10:00 AM - 06:00 PM','10:00 AM - 06:00 PM','10:00 AM - 06:00 PM','10:00 AM - 06:00 PM','10:00 AM - 06:00 PM','10:00 AM - 06:00 PM',NULL,0,0,NULL,0,0,NULL,0,'Rommy Dabuy','elixiopercusion@gmail.com','4079946014','Rafael Noria',NULL,'4075584992','William Tino',NULL,'7866220442',0,99,'2020-08-28 11:07:08','2020-08-28 11:07:08'),(53,'Brayhan ','Murillo','vbrayhan12@gmail.com','9045766472','3702 American holly rd','Jacksonville','32226','Colombia','Dueño de negocios ','1.tiempo\r\n2.ayudar personar\r\n3. ventas','3. No estar en casa \r\n2. No pasar tiempo cola familia\r\n1. Ingresó ','facebook','50000.00','1','Mi familia ','2','No',' - 10:00 PM',' - 11:00 PM',' - 11:00 PM','12:00 AM - 11:00 PM',' - 11:00 PM','12:00 AM - 11:00 PM',NULL,1,1,NULL,0,0,NULL,0,'Marisol latorres','Marisollatorre@dnakamafaction.com','8635085963','Carmen valencia','Brayham74@gmail.com','9048023920','Heidi arroyo','Tatiiianavalencia@gmail.com','9045766472',0,121,'2020-08-28 11:07:08','2020-08-28 11:07:08'),(54,'Dayana','Rojas','dayana.folch@gmail.com','7862608015','1990 w 56 st','Hialeah','33012','cubana ','Telemarketing ','Dirigir el equipo de trabajo\r\nAyudar a los clientes ','No le veo mucho futuro ','website','100000.00','2','Venirba este pais','2','no',' - ',' - ',' - ',' - ',' - ',' - ',NULL,0,0,NULL,0,0,NULL,0,'Marcos Folch','marcosfolch15@gmail.com','7862607187','Angel ','angelrojasvalera@gmail.com','7867990553','Lily Ochoa ','lilyosr@gmail.com','7867182147',0,106,'2020-08-28 11:07:08','2020-08-28 11:07:08'),(55,'Andres','Dalmastro','andres@dalmastro.com','305.807.9313','4970 SW 72nd Ave., Suite 100','Miami','33155','USA','Empresario / Produccion De Video','Ventas, Creatividad y aprendo algo diferente todos los dias.','Nada.','other','200000.00','1','A los 25 anos funde una empresa que le dio de vivir a mas de 73 familias por 5 anos. Luego se la vendi a Grupo Prisa en Espana.','1','Real Estate y Commercial Drone Pilot','10:00 AM - 06:00 PM','10:00 AM - 06:00 PM','10:00 AM - 06:00 PM','10:00 AM - 06:00 PM','10:00 AM - 06:00 PM',' - ',NULL,0,0,NULL,0,0,NULL,0,'N/A',NULL,'305.807.9313','N/A',NULL,'305.807.9313','N/A',NULL,'305.807.9313',0,62,'2020-08-28 11:07:08','2020-08-28 11:07:08'),(56,'NATALIA','SEOANE','seoanenatalia35@outlook.com','4075521641','1100 ROBERT RIDGE CT','Kissimmee','34747','PUERTORIQUEÑA','CHILD Care Attendant','Estoy cerca de mi casa ,trabajo con niños ,tengo buenas compañeras','la manager y supervisores nunca esta disponible en momento de una duda \r\nNo hago mis 40 hr a la semanas \r\nY no tenemos los materiales de trabajo que se supones que nos brimden','facebook','80000.00','1','Ser muy independiente ','1','Ninguna','08:00 PM - 04:00 PM','08:00 PM - 04:00 PM','08:00 PM - 04:00 PM','08:00 PM - 04:00 PM','08:00 PM - 04:00 PM','08:00 PM - 04:00 PM','2020-04-23 17:30:00',0,0,NULL,0,0,NULL,0,'FREDDY VAZQUEZ','freddyvazquez@outlook.com','14077316980','ALISHA ORTIZ','alishaortiz86@gmail.com','4078617071','Alejandrina Moya','zuny_m09@hotmai.com','9392490478',0,99,'2020-08-28 11:07:08','2020-08-28 11:07:08'),(57,'NATALIA','SEOANE','seoanenatalia35@outlook.com','4075521641','1100 ROBERT RIDGE CT','Kissimmee','34747','PUERTORIQUEÑA','CHILD Care Attendant','Estoy cerca de mi casa ,trabajo con niños ,tengo buenas compañeras','la manager y supervisores nunca esta disponible en momento de una duda \r\nNo hago mis 40 hr a la semanas \r\nY no tenemos los materiales de trabajo que se supones que nos brimden','facebook','80000.00','1','Ser muy independiente ','1','Ninguna','08:00 AM - 04:00 PM','08:00 AM - 04:00 PM','08:00 AM - 04:00 PM','08:00 AM - 04:00 PM','08:00 AM - 04:00 PM','08:00 AM - 04:00 PM',NULL,0,0,NULL,0,0,NULL,0,'FREDDY VAZQUEZ','freddyvazquez@outlook.com','14077316980','ALISHA ORTIZ','alishaortiz86@gmail.com','4078617071','Alejandrina Moya','zuny_m09@hotmai.com','9392490478',0,99,'2020-08-28 11:07:08','2020-08-28 11:07:08'),(58,'Lina','Shabi','lshabi2013@gmail.com','7862622724','2851 ne 183rd st apt 601 E','Aventura','33160','Americana','Asistente dental','Interactuar con las personas\r\nCapacitarme para dar un buen servicio\r\nTrabajo en equipo','Trabajar con personas que no les gusta el trabajo en equipo\r\nNo tener seguridad en el trabajo\r\nFalta de motivación ','other','80000.00','1','Tener una carrera universitaria y una familia estable','1','No',' - 05:00 PM',' - 05:00 PM',' - 05:00 PM',' - 05:00 PM',' - 04:00 PM',' - ','2020-04-23 14:30:00',1,0,NULL,0,0,NULL,0,'Gina Victoria Garzon',NULL,'7863992633','Idalmis Wrong',NULL,'7863108808','Ruth Tami',NULL,'7869701420',0,96,'2020-08-28 11:07:08','2020-08-28 11:07:08'),(59,'Pio Raffaele','Rizzi Orta','raffaele.14.r@gmail.com','3042163885','Carrera 57 nro 44-77 Itagüí','Medellín','055410','Venezolana','Lic ciencias y artes militares','Atención al público\r\nBuena comunicación\r\nVentas \r\n\r\n','No tener independencia económica\r\nNo cumplimiento de lo acordado\r\nOferta laboral engañosa  ','friend','30000.00','1','Graduarme en mi profesión y tener un puesto de envergadura dentro de la organización, para obtenerlo se requirió esfuerzo, determinación, compromiso lealtad, sacrificio, constancia, perseverancia para poder llegar a la meta','1','No','08:00 AM - 06:00 PM','08:00 AM - 06:00 PM','08:00 AM - 06:00 PM','08:00 AM - 06:00 PM','08:00 AM - 06:00 PM','09:00 AM - 04:00 PM',NULL,0,0,NULL,0,0,NULL,0,'Claudia flores','claudiaflorescorrea42@gmail.com','3005471859','Erika Rojas','Erika_rojasd@hotmail.com','19546624548','Julieth Barrera','Juliethbarrera07@gmail.com','573002012945',0,34,'2020-08-28 11:07:08','2020-08-28 11:07:08'),(60,'Kevin','Marchegiani','kmarchegiani@gmail.com','9048082628','6650 Corporate Center Parkway','Jacksonville, Fl.','32216','Venezolano','Desemplado','Competencia, grupos de personas y apoyo','N/A','facebook','50000.00','1','Estar en donde estoy ahora. Poder decir de que tengo experiencia que tengo y de que siempre estoy motivado a ser mejor persona.','2','No.','09:00 PM - 09:00 PM','09:00 PM - 09:00 PM','09:00 PM - 09:00 PM','09:00 PM - 09:00 PM','09:00 PM - 09:00 PM','09:00 PM - 04:00 PM',NULL,1,1,NULL,0,0,NULL,0,'Jose',NULL,'9043470400','Silvia Quaranta',NULL,'9043771488','Franklin Beckles',NULL,'2544980314',0,121,'2020-08-28 11:07:08','2020-08-28 11:07:08'),(61,'Felipe ','Rodriguez ','felolinux@gmail.com','+1 (786) 616-3091','8971 se 72 st apt 333','Miami','33173','Cuba ','Uber ','Que el cliente esté complacido ','Que el cliente no se encuentre complacido ','website','5000.00','1','Esta oferta de empleo así poder desempeñar lo que me gusta ','1','Si salud y auto ',' - ',' - ',' - ',' - ',' - ',' - ',NULL,1,0,NULL,1,1,NULL,0,NULL,NULL,NULL,NULL,NULL,NULL,NULL,NULL,NULL,0,123,'2020-08-28 11:07:08','2020-08-28 11:07:08'),(62,'Isandra ','Tabares ','leisayisi@hotmail.com','+1 (786) 412-4143','6830 Sw 128 th pl miami fl ','Miami','33183','Cuba ','Desempleada ','Que el.cliente salga satisfecho ','Que el cliente no se sienta complacido ','website','5000.00','1','Poder trabajar con dinakama','1','No ninguna ',' - ',' - ',' - ',' - ',' - ',' - ',NULL,1,1,NULL,1,1,NULL,0,NULL,NULL,NULL,NULL,NULL,NULL,NULL,NULL,NULL,0,123,'2020-08-28 11:07:08','2020-08-28 11:07:08'),(63,'HANSEL','PEREZ','HANSELPEREZ1996@HOTMAIL.COM','9545368728','6434 ARTHUR  ST APTO 8','HOLLYWOOD','33024','CUBANO','ALMACENISTA','EQUIPO\r\nHACER LAS COSAS BIEN\r\nCUMPLIMIENTO','IRESPETO\r\nQUE ME MANDE MAL\r\nQUE SE RIAN DE MI','website','1000000.00','1','EEU','2','NO',' - ',' - ',' - ',' - ',' - ',' - ',NULL,0,0,NULL,0,0,NULL,0,'PABLO ENRIQUE','PABLOENRIQUE@HOTMAIL.COM','9546659315','ERIKA ROJAS','ERIKA_ROJASD@HOTMAIL.COM','573125080945','DELVIS ARRIETA','DELVISARRIA@HOTMAIL.COM','5756054964',0,34,'2020-08-28 11:07:08','2020-08-28 11:07:08'),(64,'Danys','Coto Rivera','danyscoto@icloud.com','7863396377','15619 SW 73 Circle Terr','Miami, Fl','33193','Cubana','Medical asistent','Ayudar a las personas\r\nVer la satisfaccion de las personas al ver mi trabajo terminado\r\nSuperarme cada mia','Llegar tarde\r\nLa incompetencia\r\nNo cumplir con mis objetivos','website','100000.00','2','Llegar a este pais y cumplir mis sueńos de superarme','2','No','08:00 PM - 05:00 PM','08:00 PM - 05:00 PM','08:00 PM - 05:00 PM','08:00 PM - 05:00 PM','08:00 PM - 05:00 PM','08:00 PM - 05:00 PM','2020-04-23 17:30:00',1,0,NULL,0,0,NULL,0,'Belkis Hernandez',NULL,'3053034328','Juana Jimenez',NULL,'7864796522','Miguel Gonzales',NULL,'3058071076',0,96,'2020-08-28 11:07:08','2020-08-28 11:07:08'),(65,'Yuliet','Matos Milan','yulietmora@hotmail.com','407 458 6850','4275 Perkinshire Lane Apto 101','Orlando Fl','32822','Cubana','Asistente de enfermera','Trabajar en equipo.                                            Relacionarme con otras personas                             Ayudar a otros','La informalidad.                                                        Trabajar con personas incompetentes.                  Tener superiores muy estresante                 ','friend','500000.00','2','Vivir en USA, para lograr mis metas y proyectos ','1','No','08:00 AM - 04:00 PM','08:00 AM - 06:00 PM','08:00 AM - 04:00 PM','08:00 AM - 06:00 PM','08:00 AM - 04:00 PM','10:00 AM - 02:00 PM',NULL,0,0,NULL,0,0,NULL,0,'Maikel Pérez Perez','maikelpp1977@gmail.com','407 765 3011','Marcos Egana','markito870804@gmail.com','407 413 3475','Maiquel Díaz Perez','maiquel0128@gmail.com','214 298 8614',0,34,'2020-08-28 11:07:08','2020-08-28 11:07:08'),(66,'Katheryn ','Nicoll','kathysclaros661@gmail.com','5613411575','1576 62nd south west palm beach fl 33415','Miami','33415','México ','Desempleada ','Que los clientes salgan complacidos ','Que los clientes no salgan complacidos ','facebook','5000.00','1','Obtener esta oferta de empleo ','1','No',' - ',' - ',' - ',' - ',' - ',' - ',NULL,1,1,NULL,1,1,NULL,0,NULL,NULL,NULL,NULL,NULL,NULL,NULL,NULL,NULL,0,123,'2020-08-28 11:07:08','2020-08-28 11:07:08'),(67,'José Armando     ','Martínez Hernández ','armando1992jh@gmail.com','+1 (305) 910-6595','29251 sw 152nd Ave homestead Florida 33033','Miami','33033','Cuba ','Desempleado ','Que los clientes estén complacidos ','Que los clientes no estén complacidos ','facebook','5000.00','1','Obtener esta oferta de empleo ','1','No ',' - ',' - ',' - ',' - ',' - ',' - ',NULL,1,1,NULL,1,1,NULL,0,NULL,NULL,NULL,NULL,NULL,NULL,NULL,NULL,NULL,0,123,'2020-08-28 11:07:08','2020-08-28 11:07:08'),(68,'Danys','Coto Rivera','danyscoto@icloud.com','7863396377','15619 SW 73 Circle Terr','Miami, Fl','33193','Cubana','Medical asistent','Ayudar a las personas\r\nVer la satisfaccion de las personas al ver mi trabajo terminado\r\nSuperarme cada mia','Llegar tarde\r\nLa incompetencia\r\nNo cumplir con mis objetivos','website','100000.00','2','Llegar a este pais y cumplir mis sueńos de superarme','2','No',' - 05:00 PM',' - 05:00 PM',' - 05:00 PM',' - 05:00 PM',' - 05:00 PM',' - 05:00 PM','2020-05-05 02:00:00',1,1,'2020-05-06 05:30:00',1,1,NULL,0,'Belkis Hernandez',NULL,'3053034328','Juana Jimenez',NULL,'7864796522','Miguel Gonzales',NULL,'3058071076',0,96,'2020-08-28 11:07:08','2020-08-28 11:07:08'),(69,'Leonela','Lisojo','leonelalisojo@gmail.com','407-715-0404','122 Scottsdale Square ','Winter Park','32792','Puertorriqueña','Ama de casa','trabajo en equipo\r\nmotivacion\r\nbrindar confianza','negatividad\r\ndescuido en el trabajo\r\nfalta de interes','facebook','100000.00','1','tener su propia casa','2','no',' - 04:00 PM',' - 04:00 PM',' - 04:00 PM',' - 04:00 PM',' - 04:00 PM',' - 02:00 PM','2020-04-23 17:30:00',1,1,'2020-04-24 17:30:00',1,1,'2020-04-25 01:30:00',1,'Rosa Torres',NULL,'939-281-0807','Marisol Roman','marisolroman634@gmail.com',NULL,'Luis Crespo',NULL,'407-715-6116',0,99,'2020-08-28 11:07:08','2020-08-28 11:07:08'),(70,'Morena','Peña ','morenapt19@gmail.com','7868329770','4464 ne 179ter ','Miami Gardens','33054','Dominicana','Asistente de enfermería ','Responsabilidad \r\nCompartir con los pacientes \r\nSer útil ','Cuando mueren los pacientes\r\nCuando la familia no conoce el límite de mi responsabilidad \r\nHorario inestable','facebook','125000.00','1','Ser abogada, porque aprendí a tratar con las personas ','1','No','09:00 PM - 04:00 PM','09:00 PM - 04:00 PM','09:00 PM - 04:00 PM','09:00 PM - 04:00 PM',' - ',' - ','2020-05-01 10:30:00',0,0,NULL,0,0,NULL,0,'Ana Maria Reyes',NULL,'5127730290','Francisco Perdomo',NULL,'3473352253',NULL,NULL,NULL,0,96,'2020-08-28 11:07:08','2020-08-28 11:07:08'),(71,'Katty ','Ariosa ','kattyamandaariosamora@gmail.com','7178086039','15432 sw 142 nd ct Mimi fl ','Miami fl ','33177','Cuba ','Desempleada ','Q el cliente esté complacido ','Q el cliente no salga complacido después de tratar de obtener un seguro ','facebook','5009.00','1','Obtener esta oferta de empleo ','1','No ',' - ',' - ',' - ',' - ',' - ',' - ',NULL,0,0,NULL,0,0,NULL,0,NULL,NULL,NULL,NULL,NULL,NULL,NULL,NULL,NULL,0,123,'2020-08-28 11:07:08','2020-08-28 11:07:08'),(72,'Luis','Pena','serviciosrrhh2012@gmail.com','7865469332','3445 w flagler St ','‘Miami ','33135','Venezolano ','Masajista Terapéutico ','La prestación de servicio ','Perder tiempo ','website','75000.00','1','Lograr la Gerencia de RRHH en una Empresa Transnacional. ','1','Masajista terapéutico y Especialista de Estética ',' - ',' - ',' - ',' - ',' - ',' - ',NULL,0,0,NULL,0,0,NULL,0,'Carlos Batista','Angelesyasttologia@hotmail.com','3057637206',NULL,NULL,NULL,NULL,NULL,NULL,0,62,'2020-08-28 11:07:08','2020-08-28 11:07:08'),(73,'Mariela','Cotto','marielacotto@yahoo.com','4077150223','1230 CHIEF TRL','Orlando','32825','Puertorriquena','Estudiante y Housekeeping','Trabajo en equipo\r\nInovacion\r\nOportunidades de Crecimiento\r\n','Nada','facebook','60.00','1','Poder completar mis estudios en Asistencia Administrativa','1','No',' - 04:00 PM',' - 04:00 PM',' - 04:00 PM',' - 04:00 PM',' - 04:00 PM',' - 04:00 PM','2020-04-28 14:30:00',1,1,'2020-04-29 17:30:00',1,1,'2020-05-02 13:30:00',1,'Aida Cotto',NULL,'4076909897','Aleida Velazquez',NULL,'4074081390','Xavier Alejandro',NULL,'7879406345',0,99,'2020-08-28 11:07:08','2020-08-28 11:07:08'),(74,'David ','Puente ','dpuentecallejas@gmail.com','(+34)601043773','Consuelo berges ','Santander ','39012','Español','Estudiante ','-Aprendo cosas útiles\r\n-Siento las bases para ser un buen profesional.\r\n-Flexibilidad de horarios ','-Se enseñan cosas obsoletas\r\n-Se aprende por memorización\r\n-No hay casi conocimientos prácticos ','facebook','10000000.00','1','Ir a trabajar y a vivir a Inglaterra durante dos veranos. Me ayudó a madurar, aprendí lo que es trabajar de verdad y gané buen dinero ','1','No','12:00 PM - 11:00 PM','12:00 PM - 11:00 PM','12:00 PM - 11:00 PM','12:00 PM - 11:00 PM','12:00 PM - 11:00 PM','12:00 PM - 11:00 PM',NULL,0,0,NULL,0,0,NULL,0,'Diego ','diegoar@gmail.com','677183178','Alfredo ','heroeasesorias@gmail.com','601057843','Rosa','Rouselle89@gmail.com','645122367',0,108,'2020-08-28 11:07:08','2020-08-28 11:07:08'),(75,'Jorge','García','jj-lucenadejalon@hotmail.com','644292254','Urbanización Parque Roma','Zaragoza','50010','Española','Periodista','informarme, indagar, sinceridad','Sensacionalismo, rapidez, reputación','facebook','20000.00','2','Sacarme el grado de periodismo','2','No','08:00 AM - 07:00 PM','08:00 AM - 07:00 PM','08:00 AM - 08:00 PM','08:00 AM - 08:00 PM','07:00 AM - 08:00 PM','08:00 AM - 08:00 PM',NULL,0,0,NULL,0,0,NULL,0,NULL,NULL,NULL,NULL,NULL,NULL,NULL,NULL,NULL,0,108,'2020-08-28 11:07:08','2020-08-28 11:07:08'),(76,'Diago','Fernandez','diagofernandez@yahoo.com','7865809425','1011 NE 211TH ST, 1817','Miami','33179','Cubana','Desempleado','n/a','n/a','website','100000.00','1','Lograr muchas metas como haber llegado a este pais de oportunidades.','2','No',' - 07:00 PM',' - 06:00 PM',' - 07:00 PM',' - 06:00 PM',' - 07:00 PM',' - ','2020-04-28 02:30:00',1,0,'2020-04-29 17:30:00',0,0,NULL,0,'Elvin Fonseca','elvin.vazquez@icloud.com','9546007658','Celso Ramos',NULL,'2399386839','Manuel Quintana','quintanapineda@gmail.com','7867810574',0,78,'2020-08-28 11:07:08','2020-08-28 11:07:08'),(77,'Pablo ','Ruiz navarrete','reef185@gmail.com','6317048641','481 Michigan street ','Ronkonkoma ','11779','Ecuatoriana','Operador ','Somos un grupo muy honesto\r\nTratamos de ayudarnos el uno al otro \r\nTrabajamos en equipo \r\n','No me gusta cuando no son responsables (hablo de otra área )\r\nNo me gusta cuando llegan tarde (hablo de otra área)\r\nNo me gusta cuando no sacan el trabajo a tiempo (hablo de otra área)','facebook','65000.00','1','Ser un profesional ','1','No','08:00 AM - 05:00 PM','08:00 AM - 05:00 PM','08:00 AM - 05:00 PM','08:00 AM - 05:00 PM','08:00 AM - 04:00 PM','08:00 AM - 12:00 PM',NULL,0,0,NULL,0,0,NULL,0,'Pablo Ruiz Barreiro ','Reef185@hotmail.com','6316496292','Miguel Gómez ','Reef185@hotmail.com','6314167212','Michelle montesdeoca','Reef185@hotmail.com','6313839121',0,119,'2020-08-28 11:07:08','2020-08-28 11:07:08'),(78,'Juan','Martinez','jam0218@hotmail.com','4077191246','203 Fermo Way','Kissimmee','34758','Mexicano/Americano','Maestro ','Trabajar con gente, enseñar, y seguir aprendiendo','Horario fijo, pocas horas, bajo sueldo.','facebook','75000.00','1','Conseguir mi primer trabajo. Seria mas atractivo tener un negocio propio.','1','No, quisiera estar en ventas','07:00 AM - 10:00 PM','07:00 AM - 10:00 PM','07:00 AM - 10:00 PM','07:00 AM - 10:00 PM','07:00 AM - 10:00 PM','07:00 AM - 10:00 PM',NULL,0,0,NULL,0,0,NULL,0,'Eric Corcino',NULL,'407-501-1873','Judith Clausen',NULL,'407-301-8542','Andrew Griesemer',NULL,'689-777-9790',0,109,'2020-08-28 11:07:08','2020-08-28 11:07:08'),(79,'Gerardo','Carnise','skyline100985@gmail.com','7865832010','10471SW 6TH ST','Miami','33174','Cubana','Ingeniero comunicación ','Responsable y rentable ','Ganar poco ','website','95000.00','1','Licenciatura en Electromedicina \r\nMe gusta la tecnología y la medicina ','2','No','08:00 AM - 06:00 PM','08:00 AM - 06:00 PM','08:00 AM - 06:00 PM','08:00 AM - 06:00 PM','08:00 AM - 06:00 PM','08:00 AM - 05:00 PM',NULL,0,0,NULL,0,0,NULL,0,'Hansel Perez ',NULL,NULL,NULL,NULL,NULL,NULL,NULL,NULL,0,34,'2020-08-28 11:07:08','2020-08-28 11:07:08'),(80,'Gerardo','Carnise','skyline100985@gmail.com','7865832010','10471SW 6TH ST','Miami','33174','Cubana','Ingeniero comunicación ','Responsable y rentable ','Ganar poco ','website','95000.00','1','Licenciatura en Electromedicina \r\nMe gusta la tecnología y la medicina ','2','No','08:00 AM - 06:00 PM','08:00 AM - 06:00 PM','08:00 AM - 06:00 PM','08:00 AM - 06:00 PM','08:00 AM - 06:00 PM','08:00 AM - 05:00 PM',NULL,0,0,NULL,0,0,NULL,0,'Hansel Perez ',NULL,NULL,NULL,NULL,NULL,NULL,NULL,NULL,0,34,'2020-08-28 11:07:08','2020-08-28 11:07:08'),(81,'Rachel ','Santana ','rachelsantana19@yahoo.com','7867185144','297 Nw 46','Miami','33126','Cuba ','Data Entry ','Es una compañía responsable \r\nMis compañeros de trabajo crean un ambiente agradable \r\nHe aprendido muchas cosas nuevas ','Es un horario fijo que no cambia \r\nLlevo 3 años trabajando y no he recibido beneficios ni aumentos \r\nNo me puedo superar ','friend','1000000.00','1','Empezando por llegar a este país lleno de oportunidades y poder desarrollarme tanto en mi vida personal y laboral ','1','No ','08:00 AM - 05:00 PM','08:00 AM - 05:00 PM','08:00 AM - 05:00 PM','08:00 AM - 05:00 PM','08:00 AM - 05:00 PM','08:00 AM - 04:00 PM',NULL,0,0,NULL,0,0,NULL,0,'Elianet Ulloa ','elianetulloa@yahoo.com','7868560222','Rodrigo Serna ',NULL,'9545544958','Yarilis Padrón ',NULL,'7866785241',0,34,'2020-08-28 11:07:08','2020-08-28 11:07:08'),(82,'Luis','Espinosa','luisymade@hotmail.com','4076697015','2141 BUCHANAN BAY CIR AP 102','ORLANDO','32839','Americana','(Resort Houseperson) Disney',' 1) Siempre estoy ocupado y el horario de trabajo pasa rapido.  2) Esta orientado para servicio al cliente.  3) Como camino mucho, me sirve de ejercicio.',' 1) Siempre me gano lo mismo. 2) No tengo flexibilidad en el horario.  3) Hay momentos debido al trabajo; que no puedes dedicarle más tiempo a algunos huespedes.','facebook','50000.00','1','Retirarme de la Policia de Puerto Rico de una manera Integra.','2','No','05:00 PM - 10:00 PM','05:00 PM - 10:00 PM','08:00 AM - 10:00 PM','08:00 AM - 10:00 PM','05:00 PM - 10:00 PM','05:00 PM - 10:00 PM',NULL,0,0,NULL,0,0,NULL,0,'Angel L. Laboy',NULL,'787-559-9876','Lizdanet Rojas',NULL,'939-891-0792','Anabel González',NULL,'407-435-7169',0,119,'2020-08-28 11:07:08','2020-08-28 11:07:08'),(83,'Debora','Nieves','dnieves38@yahoo.com','3213338921','5266 N Orange Blossom Trail 204','Orlando, FL','32810','Puertorriqueña ','Server','Me encanta servir a los demás.\r\nPoder ayudar a las personas.\r\nY conocer gente nueva.','Levantarme a las 5am todos los días.\r\nNo poder llevar a mis niños a la escuela yo misma.\r\nAveces llego y me devuelven a mi casa.\r\n','facebook','50000.00','1','Hace 6 años llegue a este país a trabajar y hechar hacia delante y lo he logra solo busco más m encanta saber diferentes cosas.','1','No',' - 05:00 PM',' - 05:00 PM',' - 05:00 PM',' - 05:00 PM',' - 05:00 PM',' - 11:00 AM','2020-04-28 14:30:00',1,1,'2020-04-29 17:30:00',1,1,NULL,0,'Jorge Crispin','jorgecrispin70@gmail.com','3213338867','Soraeila Crispin',NULL,'8135147309','Enrique Ayala',NULL,'8135143837',0,99,'2020-08-28 11:07:08','2020-08-28 11:07:08'),(84,'Yanely','Hernandez ','yanelymhr@hotmail.com','8095107076','275cherry st 22h New York,NY, 10002','New York ','10002','Dominicana ','Mercadeo','1. Me gusta que puedo ayudar cuando mi cliente compra un producto con el cual puede satisfacer sus necesidades.\r\n2. Dinámico.\r\n3.me gusta que puedo crecer personal y profesional ','No. Satisfacer por Magen de precio.\r\nNo cobertura donde vive mi cliente \r\n. No conozcan mi producto  ','website','20000.00','1','Comprar mi carro, porque era una meta de cumplir antes de 30 años.','1','No','09:00 AM - 06:00 PM','09:00 AM - 06:00 PM','09:00 AM - 06:00 PM','09:00 AM - 06:00 PM','09:00 AM - 05:00 PM','05:00 AM - 07:00 AM',NULL,0,0,NULL,0,0,NULL,0,'Deny hernandez','Denyrafael87@icloud.com','8296719787','Jeffrey Javier ','Jeff.javier89@gmail.com','8296901784','Keila Gonzalez','Keila.gonzalez@bienetremedia.com','8094343135',0,34,'2020-08-28 11:07:08','2020-08-28 11:07:08'),(85,'Luís Alejandro','Monserratt','luisalejandromonserratt@gmail.com','3214600982','5928 folkstone ln','Orlando','32822','Venezuelan','Estudiante','El horario','La mala paga','friend','50000.00','1','Estudiante de intercambio','2','No','12:00 PM - 08:00 PM',' - 08:00 PM','12:00 PM - 08:00 PM',' - 08:00 PM',' - 08:00 PM',' - 08:00 PM','2020-04-28 14:30:00',1,1,'2020-04-29 17:30:00',0,0,NULL,0,NULL,NULL,NULL,NULL,NULL,NULL,NULL,NULL,NULL,0,134,'2020-08-28 11:07:08','2020-08-28 11:07:08'),(86,'Gervin ','Hernandez ','gervin.eliseo.hernandez@gmail.com','7868796433','14543 143 ct miami Florida ','Miami ','33177','Cuba','Desempleo ','Que los clientes estén complacido','Que los clientes no estén complacido ','facebook','5000.00','1','Obtener este empleo ','1','No',' - ',' - ',' - ',' - ',' - ',' - ',NULL,0,0,NULL,0,0,NULL,0,NULL,NULL,NULL,NULL,NULL,NULL,NULL,NULL,NULL,0,123,'2020-08-28 11:07:08','2020-08-28 11:07:08'),(87,'Gervin ','Hernandez ','gervin.eliseo.hernandez@gmail.com','7868796433','14543 143 ct miami Florida ','Miami ','33177','Cuba','Desempleo ','Que los clientes estén complacido','Que los clientes no estén complacido ','facebook','5000.00','1','Obtener este empleo ','1','No',' - ',' - ',' - ',' - ',' - ',' - ',NULL,0,0,NULL,0,0,NULL,0,NULL,NULL,NULL,NULL,NULL,NULL,NULL,NULL,NULL,0,123,'2020-08-28 11:07:08','2020-08-28 11:07:08'),(88,'Ana Elizabeth','Cornieles Amado','anacornieles2305@gmail.com','7865698091','110 sw 12 th st','Miami','33130','Venezolana','Abogada','La interacción con el publico','No aplica','facebook','30.00','1','Haber clasificado para competir en el maratón de Boston','1','No',' - ','09:00 AM - ',' - ',' - ',' - ',' - ',NULL,0,0,NULL,0,0,NULL,0,'Wilmer Arocha','Wilmer.arocha@yahoo.com','4075923291','Evelin Robles','egrobles15@gmail.com','8606564533','Mauricio Orlando','mauricioorlando@hotmail.com','7863484982',0,96,'2020-08-28 11:07:08','2020-08-28 11:07:08'),(89,'Julio Luis','Gonzalez','julioluisg422@gmail.com','7863662200','8389NW 8th st. Apt 14','Miami, fl','33126','Cuba','Hoteleria','Servicio al cliente','Cuando no existe un orden y no se da la informacion requerida a un cliente.','newspaper','84.00','2','El exito en cada proyecto de mi vida personal y laboral. Por tener metas desde temprana edad. Poder tener y dar el apoyo y amor a la familia.','1','No','09:00 PM - 12:00 PM','09:00 PM - 12:00 PM','09:00 PM - 12:00 PM','09:00 PM - 12:00 PM','09:00 PM - 12:00 PM',' - ','2020-04-28 10:30:00',1,0,NULL,0,0,NULL,0,'Celia Dueñas',NULL,'786 2908947','Rudi Jacir',NULL,'305 2132132','Remy Landa',NULL,'305 9685796',0,96,'2020-08-28 11:07:08','2020-08-28 11:07:08'),(90,'Yailet','Doma','domayailet@gmail.com','(305) 763-3837','1086 nw 101st','Miami fl','33150','Cubana','Ninguna','Antender al cliente,Que el cliente se valla complacido','Ninguna','website','40000.00','1','Graduarme...Pq hice una carrera y una profesional ','1','No','08:00 AM - 04:00 PM','08:00 AM - 04:00 PM','08:00 AM - 04:00 PM','08:00 AM - 04:00 PM','08:00 AM - 04:00 PM','08:00 AM - 03:00 PM',NULL,0,0,NULL,0,0,NULL,0,NULL,NULL,NULL,NULL,NULL,NULL,NULL,NULL,NULL,0,96,'2020-08-28 11:07:08','2020-08-28 11:07:08'),(91,'Yailet','Doma','domayailet@gmail.com','(305) 763-3837','1086 nw 101st','Miami fl','33150','Cubana','Ninguna','Antender al cliente,Que el cliente se valla complacido','Ninguna','website','40000.00','1','Graduarme...Pq hice una carrera y una profesional ','1','No','08:00 AM - 04:00 PM','08:00 AM - 04:00 PM','08:00 AM - 04:00 PM','08:00 AM - 04:00 PM','08:00 AM - 04:00 PM','08:00 AM - 03:00 PM',NULL,0,0,NULL,0,0,NULL,0,NULL,NULL,NULL,NULL,NULL,NULL,NULL,NULL,NULL,0,96,'2020-08-28 11:07:08','2020-08-28 11:07:08'),(92,'Noel','Gutierrez','noel0897@gmail.com','7864065650','8851 nw 119 st unit 2213','Hialeah Gardens','33018','Cubano','Water safety instructor','Me gusta todo','Depende mucho del tiempo q haya.\r\n\r\nA veces se come deamasiado sol.','other','100000.00','1','Graduarme de college porque ese es el sueño de todos padres q su hijo tenga un título universitario y llegue a ser una gran persona','1','No',' - 06:00 PM',' - 06:00 PM',' - 06:00 PM',' - 06:00 PM',' - 06:00 PM',' - 05:00 PM',NULL,0,0,NULL,0,0,NULL,0,NULL,NULL,NULL,NULL,NULL,NULL,NULL,NULL,NULL,0,77,'2020-08-28 11:07:08','2020-08-28 11:07:08'),(93,'Raisa','Duque','cocoluaye@gmail.com','7866817235','9372 SW 155 AV','MIAMI FL','33196','Cubana','Ama de casa','trabajo en equipo,  lealtad,rentabilidad para la compañía como para mi, crecimiento personal, profesional y financiero ','la indisciplina, el comportamiento inadecuado y la falta de compromiso','other','1000000.00','1','Mi familia\r\nPor que es mi mayor motor impulsor en mis retos para lograr mis metas','1','No','08:00 PM - 04:00 PM','08:00 PM - 04:00 PM','08:00 PM - 04:00 PM','08:00 PM - 04:00 PM','08:00 PM - 04:00 PM',' - ',NULL,1,0,NULL,0,0,NULL,0,'Rodin Delgado',NULL,'7862814017',NULL,NULL,NULL,NULL,NULL,NULL,0,62,'2020-08-28 11:07:08','2020-08-28 11:07:08'),(94,'Ayelin','Perez ','ayelinpm1988@gmail.com','9205151161','2259 imperial Ln apt 8 green bay wi 54302','Green bay','54302','Cuba ','Independiente ','Ser puntual\r\nCumplir con mis obligaciones \r\nY ayudar a los demas','Gue no me paguen \r\nGue me maltraten\r\nGue sean inpuntual','website','500000.00','1','Tener la oportunidad de estar en este país \r\nPorque puedo cumplir todos mis sueños y mis metas','1','No','12:00 AM - 05:00 PM','08:00 AM - 05:00 PM','08:00 AM - 05:00 PM','08:00 AM - 05:00 PM','08:00 AM - 05:00 PM','09:00 AM - 06:00 PM',NULL,0,0,NULL,0,0,NULL,0,'Erika roja','Erikarojamedallin@gmail.com','9546624548','Liosbani arredondo','Liosbaniarredondo@gmail.com','8132778405','Yulianni fonseca','Yuliannifonseca601@gmail.com','9206340646',0,34,'2020-08-28 11:07:08','2020-08-28 11:07:08'),(95,'Yuliannis','Fonseca','yuliannisfonseca601@gmail.com','9206340646','2259 imperial Ln apt 8 green bay wi 54302','Green bay','54302','Cuba','Independiente ','Ser puntual \r\nCumplir con mis obligaciones \r\nAyudar a los demás ','Gue no me paguen \r\nGue no me maltraten\r\nGue sean puntual','friend','500000.00','1','Tener la oportunidad de estar en este país \r\nPorque puedo cumplir todo mis sueños y metas','1','No','08:00 AM - 05:00 PM','08:00 AM - 05:00 PM','08:00 AM - 05:00 PM',' - ','08:00 AM - 05:00 PM','08:00 AM - 08:00 PM',NULL,0,0,NULL,0,0,NULL,0,'Erika roja','Erikaroja@gmail.com','9546624548','Ayelin perez ','Ayelinpm1988@gmail.com','9205151161','Liosbani arredondo','Liosbaniarredondo@gmail.com','8132778405',0,34,'2020-08-28 11:07:08','2020-08-28 11:07:08'),(96,'Yuliannis','Fonseca','yuliannisfonseca601@gmail.com','9206340646','2259 imperial Ln apt 8 green bay wi 54302','Green bay','54302','Cuba','Independiente ','Ser puntual \r\nCumplir con mis obligaciones \r\nAyudar a los demás ','Gue no me paguen \r\nGue no me maltraten\r\nGue sean puntual','friend','500000.00','1','Tener la oportunidad de estar en este país \r\nPorque puedo cumplir todo mis sueños y metas','1','No','08:00 AM - 05:00 PM','08:00 AM - 05:00 PM','08:00 AM - 05:00 PM',' - ','08:00 AM - 05:00 PM','08:00 AM - 08:00 PM',NULL,0,0,NULL,0,0,NULL,0,'Erika roja','Erikaroja@gmail.com','9546624548','Ayelin perez ','Ayelinpm1988@gmail.com','9205151161','Liosbani arredondo','Liosbaniarredondo@gmail.com','8132778405',0,34,'2020-08-28 11:07:08','2020-08-28 11:07:08'),(97,'Yulianni ','Fonseca ','yuliannifonseca601@gmail.com','9206340646','2250 Imperial LN apt 8 Green Bay,Wisconsin ','Green Bay ','54302','Cuba','Independiente ','Atender a los clientes \r\nSer puntual\r\nSer responsable ','Que me paguen puntual \r\nQue no me maltraten \r\nQue no me pongan hacer mucha fuerza ','friend','500000.00','1','Ver llegado a este país porque aquí puedo lograr mis objetivos y mis metas ','1','No','08:00 AM - 05:00 PM','08:00 AM - 05:00 PM','08:00 AM - 05:00 PM','08:00 AM - 05:00 PM','08:00 AM - 05:00 PM','08:00 AM - 05:00 PM',NULL,0,0,NULL,0,0,NULL,0,'Erika Rojas ','erikarojasmedellin@gmail.com','9546224548',' Liosbani arredondo','Liosbaniarredondo@gmai.com','8132778405','Hansel Perez','hanselperez1996@gmail.com','9545360331',0,34,'2020-08-28 11:07:08','2020-08-28 11:07:08'),(98,'Luz','Mercado','mercadoneida038@gmail.com','3215124896','904 Nancy Ct ','Kissimmee','34759','Puertorriqueña ','Easy Food Fabric','responsable \r\ndinamica\r\nconocer clientes','irresponsabilidad\r\nproblemas en el trabajo\r\nausencia','facebook','50000.00','1','Ejercer la enfermeria, porque le gusta ayudar a los pacientes','2','no',' - 04:00 PM',' - 04:00 PM',' - 04:00 PM',' - 04:00 PM',' - 04:00 PM',' - 05:00 PM','2020-04-30 14:30:00',1,1,'2020-05-01 17:30:00',1,0,'2020-05-02 19:24:00',0,'Wanda Liz Mercado',NULL,'4076325892','Julian Gonzalez','juliangonz0726@gmail.com','8135108456','Brenda Lopez','brenda033@hotmail.com','9547560291',0,99,'2020-08-28 11:07:08','2020-08-28 11:07:08'),(99,'Yuleidys','Merino','yuleidysmerino2007@yahoo.com','7863088687','18750 Lenaire dr ','Cutler bay ','33157','Cubana ','Dep.Manager Servico al cliente ','Todo ','Nada ','website','90000.00','1','Mis hijos ','2','Sersafe ','08:00 AM - 11:00 PM','08:00 AM - 11:00 PM','08:00 AM - 11:00 PM','08:00 AM - 11:00 PM','08:00 AM - 04:00 PM','08:00 AM - 04:00 PM',NULL,0,0,NULL,0,0,NULL,0,'Pável suau',NULL,'7863087727','Angela Santoya ',NULL,'7863024247','Caridad Álvarez ',NULL,'3053005432',0,29,'2020-08-28 11:07:08','2020-08-28 11:07:08'),(100,'Robinson','Lopez','robinsonlopez@yahoo.com','7542529913','4019 N University Dr','Surinse Fl','33351','Venezolano','Ingeniero electricista','asumir retos nuevos ','trabajar con publico \r\nganar dinero','facebook','90000.00','1','Haberme graduado de ingeniero, es una carrera muy dificil ','1','no',' - 06:00 AM',' - 06:00 PM',' - 06:00 PM',' - 06:00 PM',' - 06:00 PM',' - 06:00 PM','2020-04-29 10:30:00',1,1,'2020-05-30 14:30:00',1,0,NULL,0,'neida','neidalonga@gmail.com','7542650898',NULL,NULL,NULL,NULL,NULL,NULL,0,71,'2020-08-28 11:07:08','2020-08-28 11:07:08'),(101,'Monica','Lainez','monicalainez01@gmail.com','7863330707','6331 farragut','hollywood','33024','honduras ','asistente en construccion ','todo en general ','no es mi trabajo ideal','facebook','50000.00','1','haber llegado a este gran pais de oportunidades','2','no',' - 08:00 PM',' - 08:00 PM',' - 07:00 PM',' - 08:00 PM',' - 06:00 PM',' - 04:00 PM','2020-04-29 14:30:00',1,1,'2020-04-30 02:30:00',1,1,'2020-05-01 01:30:00',1,'brenis',NULL,'7866316410','nerkis',NULL,'8575057731','carol',NULL,'7863348477',0,71,'2020-08-28 11:07:08','2020-08-28 11:07:08'),(102,'Yanis','Manso','yanismanso2001@gmail.com','7863917781','13265 SW 284 ST','HOMESTEAD','33033','Cubana','Ama de Casa','Me gustaria trabajar con ustedes porque tengo campo para vender',',,,,,','newspaper','50000.00','1','Mi mayor logro ha sido crear una compañia de construccion con mi esposo','1','no',' - 08:00 PM',' - 08:00 PM',' - 08:00 PM',' - 08:00 PM',' - 08:00 PM',' - 08:00 PM','2020-05-05 10:30:00',1,0,'2020-05-08 17:30:00',0,0,NULL,0,'Yania Macineira','robertoyaniamanso@yahoo.com','3056072704','Rene Quinones','rene121290@gmail.com','7863818241','Roberto Manso','roberto1968@gmail.com','3056478139',0,75,'2020-08-28 11:07:08','2020-08-28 11:07:08'),(103,'Lesli','Caseres','estercm1979@gmail.com','(954) 5478749','1405NW 6 ave Fort Lauderdale fl 33311','Fort Lauderdale','33311','Honduras','House keeping','Orden\r\nPuntualidad\r\nReponsabildad','Lavar\r\nPlanchar','facebook','50000.00','2','desarrollarse','2','No',' - ',' - ',' - ',' - ',' - ',' - ',NULL,0,0,NULL,0,0,NULL,0,'Eunices Caseres',NULL,'3059782185','Orlen Alvarado',NULL,'2763709938','Alberto Rivera',NULL,'3052403318',0,104,'2020-08-28 11:07:08','2020-08-28 11:07:08'),(104,'Marcos','Egana','markito870804@gmail.com','4074133475','4275 Perkinshire Ln','Orlando','32822','Cubano','Contador','Trabajar con números y en lo que estudie que me apasiona ','Tener un horario fijo, y salario bajo','friend','80000.00','1','Llegar a Estados Unidos a lograr mis metas ','2','Realice el curso para la licencia 215 pero no eh realizado la prueba del estado ','07:00 AM - 01:00 PM','07:00 AM - 01:00 PM','07:00 AM - 01:00 PM','07:00 AM - 01:00 PM','07:00 AM - 01:00 PM','11:00 AM - 04:00 PM',NULL,0,0,NULL,0,0,NULL,0,'Maikel Perez',NULL,'4077653011','Daniel Rodríguez ',NULL,'3053168238','Monica Oses',NULL,'4078798249',0,34,'2020-08-28 11:07:08','2020-08-28 11:07:08'),(105,'Isandra ','Tabares ','ainhoayleisa@hotmail.com','+1 (786) 412-4143','6830 sw 128th pl Miami fl 33183  ','Miami','33183','Cuba','Desempleada ','Complacer los clientes ','No complacerlos ','website','5000.00','1','Este empleo ','1','No',' - ',' - ',' - ',' - ',' - ',' - ',NULL,1,1,NULL,1,1,NULL,0,NULL,NULL,NULL,NULL,NULL,NULL,NULL,NULL,NULL,0,123,'2020-08-28 11:07:08','2020-08-28 11:07:08'),(106,'maria ','diaz ','isidrotabares@19642yahoo.com','7868636325','6830 sw 128th pl','miami','33183','cubana ','desempleado',NULL,NULL,'website','50000.00','1','llegar a este pais ','1','no',' - ',' - ',' - ',' - ',' - ',' - ',NULL,0,0,NULL,0,0,NULL,0,NULL,NULL,NULL,NULL,NULL,NULL,NULL,NULL,NULL,0,141,'2020-08-28 11:07:08','2020-08-28 11:07:08'),(107,'Leidy','Dominguez','leydidominguez@yahoo.com','7866783548','5658 nw 3 st','Miami fl ','33126','Cubana ','No trabajo ','No trabajo ','No trabajo ','friend','55000.00','1','Terminar los estudios ','1','No',' - 03:00 PM',' - 03:00 PM',' - 03:00 PM',' - 03:00 PM',' - 03:00 PM',' - 03:00 PM','2020-05-04 13:30:00',0,0,NULL,0,1,NULL,0,'Kenia Pérez ','Kenia1512@yahoo.com','7863153212','Eduardo barzaga','Eduardo329@yahoo.com','7864612112','Antonio Dominguez ','Antonio421@gmail.com','7863144778',0,141,'2020-08-28 11:07:08','2020-08-28 11:07:08'),(108,'yanaisa ','montero','yanaisamontero7@gmail.com','7868957166','1855 w 60th st ','hialeah ','33012','cubana','desempleada ',NULL,NULL,'website','30000.00','1','vivir','1','no',' - ',' - ',' - ',' - ',' - ',' - ',NULL,0,0,NULL,0,0,NULL,0,NULL,NULL,NULL,NULL,NULL,NULL,NULL,NULL,NULL,0,139,'2020-08-28 11:07:08','2020-08-28 11:07:08'),(109,'yanaisa ','montero','Yanaisamontero7@gmail.com','+1 (786) 859-7166','1855 w 60th st ','healeah ','33012','cubana','desempleado',NULL,NULL,'website','55000.00','1','la vida','1','no',' - ',' - ',' - ',' - ',' - ',' - ',NULL,0,0,NULL,0,0,NULL,0,NULL,NULL,NULL,NULL,NULL,NULL,NULL,NULL,NULL,0,139,'2020-08-28 11:07:08','2020-08-28 11:07:08'),(110,'yanaisa ','montero','Yanaisamontero7@gmail.com','+1 (786) 859-7166','1855w 60 st','Hialeah','33012','cubana','desempleado',NULL,NULL,'website','60000.00','1','llegar a este pais','1','no',' - ',' - ',' - ',' - ',' - ',' - ',NULL,0,0,NULL,0,0,NULL,0,NULL,NULL,NULL,NULL,NULL,NULL,NULL,NULL,NULL,0,141,'2020-08-28 11:07:08','2020-08-28 11:07:08'),(111,'Sayli','Martínez ','martinezsayli3@gmail.com','3053051496','1280 w 54 st ','Hialeah ','33013','Cubana ','Desempleado ',NULL,NULL,'website','45000.00','1','Mi familia ','1','No ',' - ',' - ',' - ',' - ',' - ',' - ',NULL,0,0,NULL,0,0,NULL,0,NULL,NULL,NULL,NULL,NULL,NULL,NULL,NULL,NULL,0,139,'2020-08-28 11:07:08','2020-08-28 11:07:08'),(112,'Claudia ','Travieso ','Claudia.travieso05@gmail.com','7868069756','4492 nw 159 st opa locka FL 33054','Miami','33054','Cubana','Desempleada ',NULL,NULL,'website','45000.00','1','Mi hijo ','1','No ',' - ',' - ',' - ',' - ',' - ',' - ',NULL,0,0,NULL,0,0,NULL,0,NULL,NULL,NULL,NULL,NULL,NULL,NULL,NULL,NULL,0,141,'2020-08-28 11:07:08','2020-08-28 11:07:08'),(113,'Sayli ','Martínez ','martinezsayli3@gmqil.con','3053051496','1280 west 54 th st ','Hialeah ','33012','Cubana ','Desempleado ',NULL,NULL,'website','60000.00','1','Mis hijos ','1','No ',' - ',' - ',' - ',' - ',' - ',' - ',NULL,0,0,NULL,0,0,NULL,0,NULL,NULL,NULL,NULL,NULL,NULL,NULL,NULL,NULL,0,141,'2020-08-28 11:07:08','2020-08-28 11:07:08'),(114,'Katherine ','Baldizon ','Kathybr11@yahoo.com','7862462163','18311 sw 144st Ct ','Miami','33177','Nicaragua','Teacher ','Los niños \r\nEducar\r\nEl horario','El tiempo \r\nLa distancia \r\nSalario ','facebook','100000.00','1','Llegar a este país ','2','No',' - 12:00 PM',' - 12:00 PM',' - 12:00 PM',' - 12:00 PM',' - 12:00 PM',' - 12:00 PM','2020-05-28 14:30:00',1,1,'2020-05-01 14:31:00',1,1,'2020-05-02 12:00:00',1,NULL,NULL,NULL,NULL,NULL,NULL,NULL,NULL,NULL,0,41,'2020-08-28 11:07:08','2020-08-28 11:07:08'),(115,'Tanairis','Rosa','tanairisrosa@ymail.com','9545572728','4418 N Hale Ave Apt 54','Tampa','33614','Americana','Vendedora','trabajar mucho\r\nganar mucho dinero\r\ndedicacion','patrones explotadores\r\nirresputoso\r\nmala dinamica','facebook','200000.00','1','mis hijos, terminar curso de belleza','2','No','09:00 AM - 06:00 PM','09:00 AM - 06:00 PM','09:00 AM - 06:00 PM','09:00 AM - 06:00 PM','09:00 AM - 06:00 PM','09:00 AM - 06:00 PM',NULL,0,0,NULL,0,0,NULL,0,'Mary Brito',NULL,'8135700957','Freddy Rivera',NULL,'4072641137','Denys Aguilar',NULL,'8134612586',0,99,'2020-08-28 11:07:08','2020-08-28 11:07:08'),(116,'Marcos ','Cordoba ','jesmarmusical@gmail.com','3053806655','18311 sw 144th ct ','Miami','33177','Nicaragua','Artista','Música \r\nBaile\r\nTiempo','Hora\r\nPoco tiempo \r\nSalario','friend','80000.00','1','Llegar a este pais','2','No','07:00 AM - 06:00 PM','07:00 AM - 08:00 PM','07:00 AM - 08:00 PM','07:00 AM - 06:00 PM','07:00 AM - 09:00 PM','07:00 AM - 05:00 PM',NULL,0,0,NULL,0,0,NULL,0,NULL,NULL,NULL,NULL,NULL,NULL,NULL,NULL,NULL,0,146,'2020-08-28 11:07:08','2020-08-28 11:07:08'),(117,'lupe ','cabrera','lupe123@gmail.com','7866650313','1280 w 54th st','healeah','33012','cubana','desempleada',NULL,NULL,'website','35000.00','1','llegar a este pais','1','no',' - ',' - ',' - ',' - ',' - ',' - ',NULL,0,0,NULL,0,0,NULL,0,NULL,NULL,NULL,NULL,NULL,NULL,NULL,NULL,NULL,0,141,'2020-08-28 11:07:08','2020-08-28 11:07:08'),(118,'yandy ','guillama','yandyguillama1985@gmail.com','7865908592','6830 sw 128th pl','miami','33183','cubana','desempleado',NULL,NULL,'website','55000.00','1','llegar a este pais','1','no',' - ',' - ',' - ',' - ',' - ',' - ',NULL,0,0,NULL,0,0,NULL,0,NULL,NULL,NULL,NULL,NULL,NULL,NULL,NULL,NULL,0,141,'2020-08-28 11:07:08','2020-08-28 11:07:08'),(119,'Marcela','Ortega','maoc90@gmail.com','7863660915','12275 NE 19th Ave Apart 7','North Miami','33181','Hondureña','Customer Service Representative','Trato con clientes\r\nSeguros ','no me gusta un trabajo monotono','website','100000.00','1','Venir a este pais con mis hijas lleno de oportunidades , tener la oportunidad de desarrollar una Carrera en algo que ya tengo experiencia ','2','440 y estoy estudiando para sacar la 215','08:00 AM - 05:00 PM','08:00 AM - 05:00 PM','08:00 AM - 04:00 PM','08:00 AM - 05:00 PM','08:00 AM - 05:00 PM','08:00 AM - 05:00 PM',NULL,0,0,NULL,0,0,NULL,0,'Laly Withman ',NULL,'7867971002','Yolanda Reyes',NULL,'7863702945','Mabel Valladares',NULL,'7867025828',0,35,'2020-08-28 11:07:08','2020-08-28 11:07:08'),(120,'Rogelio','Brito','rogerbritomiami@gmail.com','4045939095','746 ne 80th. st.','Miami','33138','Venezuela','Account Executive','Contacto con personas, Ganacias, Horarios','Riesgo, competencia, ','website','75000.00','2','e business center  IBM de Venezuela\r\n\r\nventas   diseñ  implementacion y manejo','1','No','08:00 PM - 08:00 PM','08:00 PM - 08:00 PM','08:00 PM - 08:00 PM','08:00 PM - 08:00 PM','08:00 PM - 08:00 PM','10:00 PM - 06:00 PM',NULL,1,0,NULL,0,0,NULL,0,'Jorge Arrieta','jarrieta08@yahoo.com','3054944934','Nivia Brito','dargab04@yahoo.com','3054941191','Jose Varela','jrvarela610@gmail.com','6788776191',0,78,'2020-08-28 11:07:08','2020-08-28 11:07:08'),(121,'LEANDRO','LORCA','leandro.jose.lorca@gmail.com','3055049679','679 HEAD AVE','ORLANDO','32808-7707','VENEZOLANA','TIRE SHOP','APRENDER\r\nVENTAS\r\nSOCIABILIZAR','Salario\r\nMetodos de trabajo \r\nRutinas ','facebook','500000.00','1','Mi mayor lorgro fue hacerme cargo de la compañia de mi padre en mi pais natal, por que tuve la oportunidad de crecer como persona y sorprender a personas que no creian posible esa tarea para mi. ','1','No','12:00 PM - 06:00 PM','12:00 PM - 02:00 PM','12:00 PM - 02:00 PM','12:00 PM - 02:00 PM','12:00 PM - 02:00 PM','12:00 PM - 06:00 PM',NULL,0,0,NULL,0,0,NULL,0,NULL,NULL,NULL,NULL,NULL,NULL,NULL,NULL,NULL,0,34,'2020-08-28 11:07:08','2020-08-28 11:07:08'),(122,'Bernardo Jose','Rivero ','bjriverom@yahoo.es','9545441727','3609 simms st','Hollywood Florida ','33021','Colombiano','Ingeniero civil ','El manejo de tecnologías , viajar, la relación con los números. ','La falta de ingresos constante ','facebook','200.00','1','Aaaaaaaaaaaaaaaaaaaaaaaaaaaaaa','1','No',' - ','09:00 AM - ',' - ',' - ',' - ',' - ',NULL,0,0,NULL,0,0,NULL,0,'Luis  Velasquez ',NULL,'7542360692','Trevor soderberg',NULL,' 9545913092','Vanesa Ardila ',NULL,' 407 6247925',0,34,'2020-08-28 11:07:08','2020-08-28 11:07:08'),(123,'Glendys ','Días ','glendysdias9111@gmail.com','3056847262','20104 sw 123 dr miami fl ','Miami ','33177','Cuba ','Asistente de enfermería ','Que los clientes estén complacidos ','Que los clientes no estén complacidos ','facebook','5000.00','1','Obtener este empleo ','1','No',' - ',' - ',' - ',' - ',' - ',' - ',NULL,0,0,NULL,0,0,NULL,0,NULL,NULL,NULL,NULL,NULL,NULL,NULL,NULL,NULL,0,123,'2020-08-28 11:07:08','2020-08-28 11:07:08'),(124,'Jovany','Santiago','jsantiago249@gmail.com','9392832172','2040NW81STAVEAPT114PEMBROKEPINES ','Florida','33024','Puertorriqueño','printiador','El compañerimo\r\nEl progreso\r\nLos beneficios','Madrugar\r\nEl horario de entrada\r\nEl salario','friend','1000000.00','1','Graduarme de la universida','1','NO','09:00 AM - 06:00 PM','09:00 AM - 06:00 PM','09:00 AM - 06:00 PM','09:00 AM - 06:00 PM','09:00 AM - 06:00 PM','09:00 AM - 06:00 PM',NULL,0,0,NULL,0,0,NULL,0,'Daniela soto ','sotod5858@gmail.com','9394563551','Yanira santiago','Jovanellysramirez03@gmail.com','7866262190','Elvia Martinez','Elviamartinez169@gmail.com','7878000032',0,34,'2020-08-28 11:07:08','2020-08-28 11:07:08'),(125,'William','Correa','wivico07@gmail.com','4079127882','1036 sw 5th st # 4','Miami','33130','Ecuatoriano','Self employed','Libertad\r\nHorario\r\nIngresos','Prospectos\r\nProspectos\r\nProspectos','website','100000.00','1','Generar propios INGRESOS','1','No','12:00 PM - 06:00 PM',' - 05:00 PM',' - 06:00 PM',' - 05:00 PM',' - ',' - ','2020-05-04 14:30:00',1,0,'2020-05-06 15:30:00',1,0,NULL,0,'Carlos morales',NULL,NULL,'Noemí López',NULL,NULL,'Enrique Iglesias',NULL,NULL,0,75,'2020-08-28 11:07:09','2020-08-28 11:07:09'),(126,'Josy','Stval','jodanazaire2007@gmail.com','7868382388','310 ne 78 st','Miami','33138','Haitiana','NA','NA','NA','facebook','4000.00','2','NA','1','No','09:00 AM - 04:00 PM','09:00 AM - 04:00 PM','09:00 AM - 04:00 PM','09:00 AM - 04:00 PM','09:00 AM - 04:00 PM',' - ',NULL,0,0,NULL,0,0,NULL,0,'Abriana morisseau',NULL,'2024915893','Valery camille ',NULL,'7863166865','Branda stval',NULL,'2404688257',0,108,'2020-08-28 11:07:09','2020-08-28 11:07:09'),(127,'Freddy ','Gonzalez','freddygonzalez1988@gmail.com','786 622 4652','8201 NW 8st Palm Court','Miami','33126','Venezolano','Comerciante','Mi independencia, tenía mi propio negocio en Vzla , yo mismo lo atendía y lo administraba en todos los sentidos y eso me gustaba mucho, de paso que siempre me gusto atender clientes, solucionarle problemas.','Pues la incertidumbre,  y ya de plano todo comenzó a desmejorar ,pero en otro contexto la verdad no habría nada que no me gustara.','facebook','50.00','1','Mi negocio propio en vzla, empecé desde muy abajo y tuve las mejores tiendas de videojuegos de mi ciudad','1','no','12:00 AM - 11:00 PM','12:00 AM - 11:00 PM','12:00 AM - 11:00 PM','12:00 AM - 11:00 PM','12:00 AM - 11:00 PM','12:00 AM - 11:00 PM',NULL,0,0,NULL,0,0,NULL,0,'Verónica Sanchez','vcsangon@gmail.com','786 593 5558','Manuel Medina','mleunam95@gmail.com','786 792 2221','Franco Medina','francomedina093@gmail.com','305 300 3695',0,34,'2020-08-28 11:07:09','2020-08-28 11:07:09'),(128,'Levi ','da Silva Armando ','levidasilvaarmando@gmail.com','+14703098528','10304 Bridlewood ave,Orlando ','Florida','32825','Guinea bissau ','Medico general','Siempre hay algo nuevo para aprender \r\nSacrificio \r\nSiempre dar el 100 por ciento por las personas ','No tengo quejas, nada es perfecto','website','650000.00','1','Haber salido de unos de los paises mas pobre de Africa y haberme graduado en una carrera que me gustaba ','2','No ','07:00 PM - 07:00 PM','07:00 PM - 07:00 PM','07:00 PM - 07:00 PM','07:00 PM - 07:00 PM','07:00 PM - 07:00 PM',' - 05:00 AM','2020-05-07 18:28:00',1,0,NULL,0,0,NULL,0,NULL,NULL,NULL,NULL,NULL,NULL,NULL,NULL,NULL,0,104,'2020-08-28 11:07:09','2020-08-28 11:07:09'),(129,'Jorge','Ramirez','krea2rs.junior@gmail.com','7864098756','4548 West 14th Court','Hialeah','33012','Colombina','Screen printing ','Mi primera experiencia en trabajo laboral\r\nEs flexible con mis horarios de estudio \r\nAprendo cada día mas','El pago\r\nLas condiciones de trabajo no benefician mi salud\r\nNo hago la labor que me gustaría hacer en un futuro','friend','1000000.00','1','Llegar a los Estados Unidos porque crecí en mucho ámbitos ','1','No',' - 08:00 PM',' - 08:00 PM',' - 08:00 PM',' - 08:00 PM',' - 08:00 PM',' - 12:00 PM','2020-05-07 14:30:00',1,1,'2020-05-08 17:30:00',1,1,NULL,0,'Jaime Ramirez  ','krea2rs@yahoo.com','7862107502','Maria Escobar ',NULL,'7862107501',NULL,NULL,NULL,0,75,'2020-08-28 11:07:09','2020-08-28 11:07:09'),(130,'Josselyne','Gonzalez','gonzalezjosy@hotmail.com','9549014751','2000 Jefferson St','Hollywood ','33020','Americana ','Contador Público ','Trabajar en equipo \r\nSer responsable \r\nTerminar con los proyectos en tiempo ','Trabajo en exceso \r\nFalta de compañerismo\r\nMal remunerado ','website','100000.00','1','Graduarme como Contador Publico y trabajar en PricewaterhouseCoopers, cuando estaba en la universidad siempre quise trabajar ahí y logré entrar. ','1','No','09:00 PM - 06:00 PM','09:00 PM - 06:00 PM','09:00 PM - 06:00 PM','09:00 PM - 06:00 PM','09:00 PM - 06:00 PM','10:00 PM - 02:00 PM',NULL,1,0,NULL,0,0,NULL,0,'Fernando Ramirez ','fernandoleon94@gmail.com','9549394125',NULL,NULL,NULL,NULL,NULL,NULL,0,148,'2020-08-28 11:07:09','2020-08-28 11:07:09'),(131,'Yuximi','Gonzalez','yuxgora@gmail.com','7867216980','6272 nw 186 st, apt 205.','Hialeah','33015','Cubana','Odontóloga','Ayudar a las personas. Brindarles confianza y seguridad. Cuidando su salud bucal y brindándoles bienestar','El no poder desempeñarlo por limitantes como rivalidación, permisos de trabajo y otros también la inversión para montar la consulta.','facebook','60000.00','2','El mayor logro ha sido llegar a los Estados Unidos qué es un país de oportunidades para quien sepa aprovecharlas.','2','No',' - 06:00 PM',' - 06:00 PM',' - 06:00 PM',' - 06:00 PM',' - 06:00 PM',' - 01:00 PM','2020-05-07 02:30:00',1,1,'2020-05-08 05:30:00',1,0,'2020-05-09 01:30:00',0,'Yaquelin Martínez','yaquelinm12@gmail.com','7862015718','Alejandro García','agearq@gmail.com','7862014952','José Rodríguez','jrod2073@gmail.com','7866240057',0,64,'2020-08-28 11:07:09','2020-08-28 11:07:09'),(132,'Jeison','Manotas','jeisonmanotas1986@gmail.com','7866038174','58NE 14 TH St ','Miami ','33132','Colombiano ','Administrador de Empresas ','El Equipo de trabajo, Las celebraciones de las metas cumplidas, ','Presupuesto ','facebook','100.00','2','Vivir en Estados Unidos ','1','7125','08:00 AM - 09:00 PM','08:00 AM - 09:00 PM','08:00 AM - 09:00 PM','08:00 AM - 09:00 PM','08:00 AM - 09:00 PM','07:00 AM - 08:00 PM',NULL,0,0,NULL,0,0,NULL,0,'Steve Vargas ','Saavargas98@gmail.com','7862861951','Ros Mary García ','Rosemarygarcia1216@yahoo.com','7862867952','Gisela Torre ','Yusellit1981@gmail.com','7863658000',0,34,'2020-08-28 11:07:09','2020-08-28 11:07:09'),(133,'Nicole','Vargas','siempi0323@gmail.com','7866944272',' North Miami Beach, FL 33181','Miami','33181','Colombiana','Abogada ','Me gusta el equipo de trabajo, trabajo en equipo, relaciones interpersonales y profesionales, la organización y reconocimiento de la compañía. ','En général me gusta todo, tal vez lo único q mejoraría sería, que se contratará mas personal teniendo en cuenta q la demanda va creciendo y a su vez la respuesta a los clientes toma más tiempo. ','facebook','54000.00','2','Haber terminado mi carrera como abogada, mis cursos en negocios y marketing y haber adquirido el inglés. ','1','No ','07:00 AM - 05:00 PM','07:00 AM - 05:00 PM','07:00 AM - 05:00 AM','07:00 AM - 05:00 PM','07:00 AM - 05:00 PM','07:00 AM - 05:00 PM',NULL,0,0,NULL,0,0,NULL,0,'Fabián  Salamanca','Nfssalamanca@gmail.com','407 556-7425','Matt Bojanowski','mtboja01@gmail.com','859 552-2249','Khalid Limaze','Khalid.limaze@ritzcarlton.com','330 933-7492',0,34,'2020-08-28 11:07:09','2020-08-28 11:07:09'),(134,'Luis','Sulbaran','luisulbaran7@gmail.com','7865635281','1811 n 53rd avenue ','Hollywood','33021','Venezolano ','Marketing ','Que soy independiente ','Me exijo mucho q mi mismo ','website','5000.00','1','E cumplido muchas metas desde que vivo en este país ','1','Estoy haciendo el curso de seguros ','12:00 AM - 05:00 PM','12:00 AM - 05:00 PM','12:00 AM - 05:00 PM','12:00 AM - 05:00 PM','12:00 AM - 05:00 PM','12:00 AM - 05:00 PM',NULL,0,0,NULL,0,0,NULL,0,'Adriana ',NULL,'7865632970','Raul',NULL,'7865653421','Ramiro ',NULL,'7864868813',0,75,'2020-08-28 11:07:09','2020-08-28 11:07:09'),(135,'David','Diaz','david19diaz89@gmail.com','9294071814','35 63 90th','Queens','11372','Ecuatoriana','Desempleado','Actividad \r\nCrecimiento \r\nSeguridad\r\n','No hay nada que no me guste','facebook','100000.00','2','Mi hija, por que es lo más hermoso','2','No','12:00 AM - 11:00 PM','12:00 AM - 11:00 PM','12:00 AM - 11:00 PM','12:00 AM - 11:00 PM','12:00 AM - 11:00 PM','12:00 AM - 11:00 PM',NULL,0,0,NULL,0,0,NULL,0,'Carolina Herrera ','daya.caro@hotmail.com','9294071296','Marcela Cano','david19_diaz89@hotmail.com','3475497835','Jhon Alzate','carmita.herrera22@hotmail.com','6315388668',0,34,'2020-08-28 11:07:09','2020-08-28 11:07:09'),(136,'Meilen','Fornaris','meilenfornaris@gmail.com','3083836048','17884 SW 107 AVE','MIAMI','33157','Cubana','Ninguna','Atencion lo mejor posible para que el cliente se sienta satisfecho','Un cliente insatisfecho','facebook','30000.00','1','Myor logro cumplir mis metas por que soy una persona emprendedora.','1','no','08:00 PM - 05:00 PM','08:00 PM - 05:00 PM','08:00 PM - 05:00 PM','08:00 PM - 05:00 PM','08:00 PM - 05:00 PM',' - ','2020-05-07 16:42:00',1,0,NULL,0,0,NULL,0,'Gerardo Cardenas','gerardocardenas1846@gmail.com','7865990611','Osleidi',NULL,'7863203547','Mayelin',NULL,'7868736213',0,104,'2020-08-28 11:07:09','2020-08-28 11:07:09'),(137,'Ayamey ','Garriga ','ayameyg@icloud.com','8134394696','8101 sw 20 st ','Miami Florida ','33155','Cubana ','Desempleada ','Ninguna ','Ninguna ','facebook','50000.00','1','Llegar a los Estados Unidos porque fue un sueño logrado con mucho sacrificio ','1','No','08:00 AM - 08:00 PM','09:00 AM - 09:00 PM','07:00 AM - 07:00 PM','08:00 AM - 10:00 PM','08:00 AM - 09:00 PM','02:00 PM - 10:00 PM',NULL,0,0,NULL,0,0,NULL,0,'Yamilka','yamilkatravieso@yahoo.com','813 368 2462','Gerardo','havana8721@gmail.com','813 748 0348','Maura','bluesaisland87@icloud.com','813 850 5795',0,139,'2020-08-28 11:07:09','2020-08-28 11:07:09'),(138,'anyamey','garriga','ayameyg@icloud.com','8134394696','8101 sw 20th st','miami','33155','cubana','desempleado',NULL,NULL,'facebook','55000.00','1','llegar a este pais','1','no',' - ',' - ',' - ',' - ',' - ',' - ',NULL,0,0,NULL,0,0,NULL,0,NULL,NULL,NULL,NULL,NULL,NULL,NULL,NULL,NULL,0,141,'2020-08-28 11:07:09','2020-08-28 11:07:09'),(139,'Claudia','Arias','ariasclaudia85@gmail.com','646-327-7296','13243 Harbor Shore Ln','Winter Garden','34787','Colombiana','Real Estate Sales Associate','Buenos ingresos\r\nMi propio horario\r\nConocer mucha gente','Mucho tiempo entre ventas\r\nManejar largas distancias\r\nCompetencia','facebook','200000.00','1','Comprar casa propia en Colombia y aqui por que fueron fruto de mucho trabajo y esfuerzo.','1','Real Estate Sales Associate','09:00 AM - 01:00 PM','10:00 AM - 01:00 PM','09:00 AM - 01:00 PM','09:00 AM - 01:00 PM','09:00 AM - 01:00 PM','09:00 AM - 01:00 PM',NULL,0,0,NULL,0,0,NULL,0,'Doryn Wallach','dorynwallch@gmail.com','917-685-2503','Adriana Gonzalez','aagonzalez33@gmail.com','347-261-5047','Madeline Ortiz','madelyne@morevision.net','407-595-9248',0,129,'2020-08-28 11:07:09','2020-08-28 11:07:09'),(140,'fanneisy','pineda','fanneisypkneda1980@gmail.com','7866468545','915 nw 1th st ','miami','33136','cubana','desempleada',NULL,NULL,'facebook','65000.00','1','mi familia','1','no',' - ',' - ',' - ',' - ',' - ',' - ',NULL,0,0,NULL,0,0,NULL,0,NULL,NULL,NULL,NULL,NULL,NULL,NULL,NULL,NULL,0,141,'2020-08-28 11:07:09','2020-08-28 11:07:09'),(141,'Anyela','Guzman mota','motaanyela19@gmail.com','9545499179','6521 MAYO ST','HOLLYWOOD','33023-2135','Dominicana','Driver',' Interatual con las personas','Me gusta todo','friend','120000.00','1','Llegar a este pais ? Por que tengo muchas oportunidades','1','No','06:00 AM - 06:00 PM','06:00 AM - 06:00 PM','06:00 AM - 06:00 PM','06:00 AM - 06:00 PM','06:00 AM - 06:00 PM','06:00 AM - 06:00 PM',NULL,0,0,NULL,0,0,NULL,0,'Mariano o crespo ','daimarycresoobar@gmail.com','7542734909','Eunices Gutierrez',NULL,' 7868652884','Miguel Reyes ',NULL,'7864581548',0,34,'2020-08-28 11:07:09','2020-08-28 11:07:09'),(142,'LILIANA','CONTRERA','lilianacontrerameloz@gmail.com','7869133296','1654 SW. 6TH.','MIAMI','33135','DOMINICANA','NINGUNA','N/A','N/A','website','60000.00','1','Haber logrado aprender otro idioma, pues muchas personas que conozco lo han intentado y se han quedado en el intento. ','1','NO','09:00 AM - 04:00 PM','09:00 AM - 04:00 PM','09:00 AM - 04:00 PM','09:00 AM - 04:00 PM','09:00 AM - 04:00 PM','09:00 AM - 01:00 PM',NULL,0,0,NULL,0,0,NULL,0,'XXXX','lilianacontrerameloz@gmail.com','7869133296','XXXX','lilianacontrerameloz@gmail.com','7869133296','XXXX','lilianacontrerameloz@gmail.com','7869133296',0,69,'2020-08-28 11:07:09','2020-08-28 11:07:09'),(143,'Andres','Agudelo perez','familyreloaded2019@gmail.com','+1 239 2769666','16901 NW 52 Ave','Miami gardens','33055','Colombiano','Servicios generales hotel','Horario\r\nInteractuar con las personas\r\nCompañeros','Desplazamiento\r\nDistancia hasta el','facebook','70.00','1','Lograr que mi hija sea un mejor ser humano .buenas contumbres.educacion preparada para su futuro\r\nMi prioridad','1','No','08:00 AM - ',' - ',' - ',' - ',' - ',' - 02:00 PM',NULL,0,0,NULL,0,0,NULL,0,'Juan agudelo','juan8309@gmail.com','9546610000','Mercedes agudelo','filomenaagudelo@gmail.com','7863662765','Daniela ochoa','danielaochoa001@gmail.com','2398887292',0,34,'2020-08-28 11:07:09','2020-08-28 11:07:09'),(144,'Olga ','Lorenzo ','olguilorenzo92@gmail.com','+1 (786) 985-9580','3950w10th Ct','Hialeah ','33012','Cubana','Desempleada ',NULL,NULL,'facebook','65000.00','1','Llegar a este país ','1','No ',' - ',' - ',' - ',' - ',' - ',' - ',NULL,0,0,NULL,0,0,NULL,0,NULL,NULL,NULL,NULL,NULL,NULL,NULL,NULL,NULL,0,141,'2020-08-28 11:07:09','2020-08-28 11:07:09'),(145,'enrique','chang','enrique.chang@yahoo.com','3054675086','2026 nw 1th st','miami','33125','cubano','desempleado',NULL,NULL,'facebook','85000.00','1','llegar a este pais','1','no',' - ',' - ',' - ',' - ',' - ',' - ',NULL,0,0,NULL,0,0,NULL,0,NULL,NULL,NULL,NULL,NULL,NULL,NULL,NULL,NULL,0,141,'2020-08-28 11:07:09','2020-08-28 11:07:09'),(146,'Roilandy','Hernandez','magicianroy01@gmail.com','(786) 417-5392','9455 w flager st','Miami','33174','Cubano','ilusionista ','todo me gusta de mi trabajo','Todo me gusta de mi trabajo','friend','1000000.00','1','mi mayor logro aun esta por llegar pues cada día me trazo metas para obtener mejores resultados','1','No','07:00 AM - 04:00 PM','07:00 AM - 04:00 PM','07:00 AM - 04:00 PM','07:00 AM - 04:00 PM','07:00 AM - 04:00 PM','07:00 AM - 04:00 PM',NULL,0,0,NULL,0,0,NULL,0,'Magalys garcia',NULL,'3057418559','Mariam hernandez',NULL,'7862378022','Leisy castellanos ',NULL,'7864394819',0,34,'2020-08-28 11:07:09','2020-08-28 11:07:09'),(147,'Ana fiorela','Ibarra','afih1982@hotmail.com','7863282554','656 sw 7 terrace','Florida city','33034','Colombia','Medical assistant ','El servicio al cliente, la forma de ayudar a los pacientes,  ','Cuando el trabajo baja y no hay gente, aveces las envidias, la falta de organización ','facebook','100000.00','1','Bajar de peso','1','Licencia de medical assistant ','10:00 AM - 07:00 PM','10:00 AM - 07:00 PM','10:00 AM - 07:00 PM','10:00 AM - 07:00 PM','10:00 AM - 07:00 PM','10:00 AM - 07:00 PM',NULL,0,0,NULL,0,0,NULL,0,'Gledys hurtatis','Glehuma@hotmail.com','7863890281','Irene mejia',NULL,'7866038444','Pedro Villalobos ',NULL,'7862345144',0,141,'2020-08-28 11:07:09','2020-08-28 11:07:09'),(148,'Daniela','Breindembach ','danielabrein93@gmail.com','7866122337','1818 SW 1st Ave','Miami','33129','Venezuela ','Marketing digital ','Horario flexible \r\nEs totalmente comercial \r\nEs versátil ','La disposición de ganar dinero no es fija varía muchísimo \r\nNo tengo mas ','facebook','1000000.00','1','En busca de ello','1','No','10:00 AM - 10:00 PM','10:00 AM - 10:00 PM','10:00 AM - 10:00 PM','10:00 AM - 10:00 PM','11:00 AM - 08:00 PM','11:00 AM - 06:00 PM',NULL,0,0,NULL,0,0,NULL,0,'Daniel Rodríguez ','dannyrodzdigital@gmail.com','7865193829','Junior Salas ','junniorjose90@gmail.com',' 3057636313','Carol Alvarado ','Carol26alvarado@gmail.com','7864585894',0,69,'2020-08-28 11:07:09','2020-08-28 11:07:09'),(149,'Alcides','Rodriguez','alcidesrh@gmail.com','545407333','Avenida 55 número 3018 entre calle 30 y 32','San Nicolas de Baris','2345','sadsad','sads','asdsad','sadsadsad','facebook','2222.00','1','dsfsdfsdf','1','dsfsdfsdf','01:00 AM - 03:00 AM','05:00 AM - 04:00 AM','03:00 AM - 06:00 AM','06:00 AM - 06:00 AM','06:00 AM - 09:00 AM','06:00 PM - 05:00 PM',NULL,0,0,NULL,0,0,NULL,0,'dasdsadasd','dsfdsf@sddsa.lo','545407333','sdsda','dsfsdsddsf@sddsa.lo','54540733','dsfdsaffff@sddsa.lo','dsaaqfdsf@sddsa.lo','545407312',0,56,'2020-08-28 11:07:09','2020-08-28 11:07:09'),(150,'sadsa','dsad','sad@dssdfsf.lo','545407333','asdasd','asdas','2345','sadsad','sads','sadsa','dsadsad','website','2222.00','1','asdsadsa','1','sdsadas',' - ',' - ',' - ',' - ',' - ',' - ',NULL,0,0,NULL,0,0,NULL,0,NULL,NULL,NULL,NULL,NULL,NULL,NULL,NULL,NULL,0,35,'2020-08-28 11:07:09','2020-08-28 11:07:09');
/*!40000 ALTER TABLE `recruitment` ENABLE KEYS */;
UNLOCK TABLES;

--
-- Table structure for table `reset_password`
--

DROP TABLE IF EXISTS `reset_password`;
/*!40101 SET @saved_cs_client     = @@character_set_client */;
/*!40101 SET character_set_client = utf8 */;
CREATE TABLE `reset_password` (
  `id` bigint(20) unsigned NOT NULL AUTO_INCREMENT,
  `email` varchar(255) COLLATE utf8mb4_unicode_ci NOT NULL,
  `token` varchar(255) COLLATE utf8mb4_unicode_ci NOT NULL,
  `created_at` timestamp NULL DEFAULT NULL,
  `updated_at` timestamp NULL DEFAULT NULL,
  PRIMARY KEY (`id`)
) ENGINE=InnoDB DEFAULT CHARSET=utf8mb4 COLLATE=utf8mb4_unicode_ci;
/*!40101 SET character_set_client = @saved_cs_client */;

--
-- Dumping data for table `reset_password`
--

LOCK TABLES `reset_password` WRITE;
/*!40000 ALTER TABLE `reset_password` DISABLE KEYS */;
/*!40000 ALTER TABLE `reset_password` ENABLE KEYS */;
UNLOCK TABLES;

--
-- Table structure for table `roles`
--

DROP TABLE IF EXISTS `roles`;
/*!40101 SET @saved_cs_client     = @@character_set_client */;
/*!40101 SET character_set_client = utf8 */;
CREATE TABLE `roles` (
  `id` bigint(20) unsigned NOT NULL AUTO_INCREMENT,
  `name` varchar(20) COLLATE utf8mb4_unicode_ci NOT NULL,
  `slug` varchar(20) COLLATE utf8mb4_unicode_ci NOT NULL,
  `created_at` timestamp NOT NULL DEFAULT CURRENT_TIMESTAMP,
  `updated_at` timestamp NOT NULL DEFAULT CURRENT_TIMESTAMP ON UPDATE CURRENT_TIMESTAMP,
  PRIMARY KEY (`id`)
) ENGINE=InnoDB AUTO_INCREMENT=7 DEFAULT CHARSET=utf8mb4 COLLATE=utf8mb4_unicode_ci;
/*!40101 SET character_set_client = @saved_cs_client */;

--
-- Dumping data for table `roles`
--

LOCK TABLES `roles` WRITE;
/*!40000 ALTER TABLE `roles` DISABLE KEYS */;
INSERT INTO `roles` VALUES (1,'Admin','admin','2020-08-28 07:07:06','2020-08-28 07:07:06'),(2,'Agencia','agency','2020-08-28 07:07:06','2020-08-28 07:07:06'),(3,'Elite','elite','2020-08-28 07:07:06','2020-08-28 07:07:06'),(4,'Representante','broker','2020-08-28 07:07:06','2020-08-28 07:07:06'),(5,'Staff','staff','2020-08-28 07:07:06','2020-08-28 07:07:06'),(6,'Cliente','client','2020-08-28 07:07:06','2020-08-28 07:07:06');
/*!40000 ALTER TABLE `roles` ENABLE KEYS */;
UNLOCK TABLES;

--
-- Table structure for table `subscriptions`
--

DROP TABLE IF EXISTS `subscriptions`;
/*!40101 SET @saved_cs_client     = @@character_set_client */;
/*!40101 SET character_set_client = utf8 */;
CREATE TABLE `subscriptions` (
  `id` bigint(20) unsigned NOT NULL AUTO_INCREMENT,
  `title` varchar(255) COLLATE utf8mb4_unicode_ci NOT NULL,
  `description` text COLLATE utf8mb4_unicode_ci,
  `price` double(8,2) unsigned DEFAULT NULL,
  `duration` smallint(6) DEFAULT NULL,
  `active` tinyint(1) DEFAULT NULL,
  `type` varchar(20) COLLATE utf8mb4_unicode_ci DEFAULT NULL,
  `role_id` bigint(20) unsigned DEFAULT NULL,
  `created_at` timestamp NULL DEFAULT NULL,
  `updated_at` timestamp NULL DEFAULT NULL,
  PRIMARY KEY (`id`),
  KEY `subscriptions_role_id_foreign` (`role_id`),
  CONSTRAINT `subscriptions_role_id_foreign` FOREIGN KEY (`role_id`) REFERENCES `roles` (`id`) ON DELETE SET NULL
) ENGINE=InnoDB AUTO_INCREMENT=24 DEFAULT CHARSET=utf8mb4 COLLATE=utf8mb4_unicode_ci;
/*!40101 SET character_set_client = @saved_cs_client */;

--
-- Dumping data for table `subscriptions`
--

LOCK TABLES `subscriptions` WRITE;
/*!40000 ALTER TABLE `subscriptions` DISABLE KEYS */;
INSERT INTO `subscriptions` VALUES (3,'1 Month Free','﻿$24.99 MensualOferta Valida durante Abril.',0.00,1,0,'default',4,'2020-08-28 11:07:09','2020-08-28 11:07:09'),(4,'1  Month Subscription','﻿Precio Regular.El pago se haría&nbsp;mes a mes.',24.99,1,1,'subscription',4,'2020-08-28 11:07:10','2020-08-28 11:07:10'),(5,'3 Months Subscription','﻿$74.97 Precio Regular$19.99 Mensual.',59.97,3,1,'subscription',4,'2020-08-28 11:07:10','2020-08-28 11:07:10'),(6,'6 Months Subscription','﻿﻿$149.94&nbsp;Precio Regular.$15.99 Mensual.',95.94,6,1,'subscription',4,'2020-08-28 11:07:10','2020-08-28 11:07:10'),(7,'12 Months Subscription','﻿﻿﻿$299.88&nbsp;Precio Regular.$12.99 Mensual.',155.88,12,1,'subscription',4,'2020-08-28 11:07:10','2020-08-28 11:07:10'),(8,'1 Month Free','﻿$24.99 MensualOferta Valida durante Abril.',0.00,1,0,'default',3,'2020-08-28 11:07:10','2020-08-28 11:07:10'),(9,'1  Month Subscription','﻿Precio Regular.El pago se haría&nbsp;mes a mes.',24.99,1,1,'subscription',3,'2020-08-28 11:07:10','2020-08-28 11:07:10'),(10,'3 Months Subscription','﻿$74.97 Precio Regular$19.99 Mensual.',59.97,3,1,'subscription',3,'2020-08-28 11:07:10','2020-08-28 11:07:10'),(11,'6 Months Subscription','﻿﻿$149.94&nbsp;Precio Regular.$15.99 Mensual.',95.94,6,1,'subscription',3,'2020-08-28 11:07:10','2020-08-28 11:07:10'),(12,'12 Months Subscription','﻿﻿﻿$299.88&nbsp;Precio Regular.$12.99 Mensual.',155.88,12,1,'subscription',3,'2020-08-28 11:07:10','2020-08-28 11:07:10'),(13,'1 Month Free','﻿$24.99 MensualOferta Valida durante Abril.',0.00,1,0,'default',2,'2020-08-28 11:07:10','2020-08-28 11:07:10'),(14,'1  Month Subscription','﻿Precio Regular.El pago se haría&nbsp;mes a mes.',24.99,1,1,'subscription',2,'2020-08-28 11:07:10','2020-08-28 11:07:10'),(15,'3 Months Subscription','﻿$74.97 Precio Regular$19.99 Mensual.',59.97,3,1,'subscription',2,'2020-08-28 11:07:10','2020-08-28 11:07:10'),(16,'6 Months Subscription','﻿﻿$149.94&nbsp;Precio Regular.$15.99 Mensual.',95.94,6,1,'subscription',2,'2020-08-28 11:07:10','2020-08-28 11:07:10'),(17,'12 Months Subscription','﻿﻿﻿$299.88&nbsp;Precio Regular.$12.99 Mensual.',155.88,12,1,'subscription',2,'2020-08-28 11:07:10','2020-08-28 11:07:10'),(18,'Membership','﻿﻿﻿$89.00&nbsp;Precio Regular.DESCUENTO del 100% durante el mes de Abril.',0.00,0,1,'membership',4,'2020-08-28 11:07:10','2020-08-28 11:07:10'),(19,'Membership','﻿﻿﻿$89.00&nbsp;Precio Regular.DESCUENTO del 100% durante el mes de Abril.',0.00,0,1,'membership',3,'2020-08-28 11:07:10','2020-08-28 11:07:10'),(20,'Membership','',89.00,0,1,'membership',2,'2020-08-28 11:07:10','2020-08-28 11:07:10'),(21,'1 Month Free','﻿$24.99 MensualOferta Valida durante Mayo.',0.00,1,1,'default',4,'2020-08-28 11:07:10','2020-08-28 11:07:10'),(22,'1 Month Free','﻿$24.99 MensualOferta Valida durante Mayo.',0.00,1,1,'default',3,'2020-08-28 11:07:10','2020-08-28 11:07:10'),(23,'1 Month Free','﻿$24.99 MensualOferta Valida durante Mayo.',0.00,1,1,'default',2,'2020-08-28 11:07:10','2020-08-28 11:07:10');
/*!40000 ALTER TABLE `subscriptions` ENABLE KEYS */;
UNLOCK TABLES;

--
-- Table structure for table `user_number`
--

DROP TABLE IF EXISTS `user_number`;
/*!40101 SET @saved_cs_client     = @@character_set_client */;
/*!40101 SET character_set_client = utf8 */;
CREATE TABLE `user_number` (
  `id` bigint(20) unsigned NOT NULL AUTO_INCREMENT,
  `letter` char(255) COLLATE utf8mb4_unicode_ci NOT NULL,
  `number` smallint(6) NOT NULL,
  PRIMARY KEY (`id`)
) ENGINE=InnoDB AUTO_INCREMENT=2 DEFAULT CHARSET=utf8mb4 COLLATE=utf8mb4_unicode_ci;
/*!40101 SET character_set_client = @saved_cs_client */;

--
-- Dumping data for table `user_number`
--

LOCK TABLES `user_number` WRITE;
/*!40000 ALTER TABLE `user_number` DISABLE KEYS */;
INSERT INTO `user_number` VALUES (1,'D',115);
/*!40000 ALTER TABLE `user_number` ENABLE KEYS */;
UNLOCK TABLES;

--
-- Table structure for table `users`
--

DROP TABLE IF EXISTS `users`;
/*!40101 SET @saved_cs_client     = @@character_set_client */;
/*!40101 SET character_set_client = utf8 */;
CREATE TABLE `users` (
  `id` bigint(20) unsigned NOT NULL AUTO_INCREMENT,
  `name` varchar(255) COLLATE utf8mb4_unicode_ci NOT NULL,
  `email` varchar(255) COLLATE utf8mb4_unicode_ci NOT NULL,
  `email_verified_at` timestamp NULL DEFAULT NULL,
  `password` varchar(255) COLLATE utf8mb4_unicode_ci DEFAULT NULL,
  `remember_token` varchar(100) COLLATE utf8mb4_unicode_ci DEFAULT NULL,
  `address` varchar(256) COLLATE utf8mb4_unicode_ci DEFAULT NULL,
  `birthday` timestamp NULL DEFAULT NULL,
  `last_name` varchar(32) COLLATE utf8mb4_unicode_ci DEFAULT NULL,
  `phone` varchar(64) COLLATE utf8mb4_unicode_ci DEFAULT NULL,
  `founder` tinyint(1) NOT NULL DEFAULT '0',
  `commission_rate` decimal(10,2) NOT NULL DEFAULT '0.00',
  `number_account` varchar(20) COLLATE utf8mb4_unicode_ci DEFAULT NULL,
  `title` varchar(100) COLLATE utf8mb4_unicode_ci DEFAULT NULL,
  `active` tinyint(1) NOT NULL DEFAULT '1',
  `salary` double(8,2) DEFAULT NULL,
  `subscription_renew` timestamp NULL DEFAULT NULL,
  `created_at` timestamp NOT NULL DEFAULT CURRENT_TIMESTAMP,
  `updated_at` timestamp NOT NULL DEFAULT CURRENT_TIMESTAMP ON UPDATE CURRENT_TIMESTAMP,
  `role_id` bigint(20) unsigned DEFAULT NULL,
  `parent_id` bigint(20) unsigned DEFAULT NULL,
  `company_id` bigint(20) unsigned DEFAULT NULL,
  `subscription_id` bigint(20) unsigned DEFAULT NULL,
  PRIMARY KEY (`id`),
  UNIQUE KEY `users_email_unique` (`email`),
  KEY `users_role_id_foreign` (`role_id`),
  KEY `users_parent_id_foreign` (`parent_id`),
  KEY `users_company_id_foreign` (`company_id`),
  KEY `users_subscription_id_foreign` (`subscription_id`),
  CONSTRAINT `users_company_id_foreign` FOREIGN KEY (`company_id`) REFERENCES `companies` (`id`) ON DELETE SET NULL,
  CONSTRAINT `users_parent_id_foreign` FOREIGN KEY (`parent_id`) REFERENCES `users` (`id`) ON DELETE SET NULL,
  CONSTRAINT `users_role_id_foreign` FOREIGN KEY (`role_id`) REFERENCES `roles` (`id`) ON DELETE SET NULL,
  CONSTRAINT `users_subscription_id_foreign` FOREIGN KEY (`subscription_id`) REFERENCES `subscriptions` (`id`) ON DELETE SET NULL
) ENGINE=InnoDB AUTO_INCREMENT=161 DEFAULT CHARSET=utf8mb4 COLLATE=utf8mb4_unicode_ci;
/*!40101 SET character_set_client = @saved_cs_client */;

--
-- Dumping data for table `users`
--

LOCK TABLES `users` WRITE;
/*!40000 ALTER TABLE `users` DISABLE KEYS */;
INSERT INTO `users` VALUES (1,'DNF','tech@dnakamafaction.com',NULL,'$2y$10$36DKyzXYCV2XnH.TGqj8eOj/F4A8GyCOY582v.E94TZdzqNMBnADK',NULL,'777 NW 72nd Ave, Suite 1115',NULL,'Corp',NULL,1,0.00,'D0000',NULL,1,NULL,NULL,'2020-08-28 11:07:06','2020-08-28 11:07:06',1,NULL,1,NULL),(23,'Mathiu','onepiece@dnakamafaction.com',NULL,'$2y$10$F9S4D8dLj1ZlSUs.3fbXHOxOFVBTSMa8E0DPYv6Iqm1D7v7/HNnyq',NULL,NULL,NULL,'Munoz',NULL,1,0.00,'D0001',NULL,1,NULL,'2020-09-28 11:07:10','2020-08-28 11:07:06','2020-08-28 11:07:10',2,1,6,13),(24,'Kevin','yonkoemperorsinc@dnakamafaction.com',NULL,'$2y$10$.6w41A7wWVYDNMaXqFiG6ORBGtbmeKBX32fgXf3pB/NNSBSSwkvw2',NULL,NULL,NULL,'Donates',NULL,1,0.00,'D0002',NULL,1,NULL,'2020-09-28 11:07:10','2020-08-28 11:07:06','2020-08-28 11:07:10',2,1,7,13),(29,'Leonardo & Stefany','globalimperii@dnakamafaction.com',NULL,'$2y$10$EHmHWYztcscx9V/MEyFTTeKPxNvaR/YbJ2CX2yTr7r/Y1kW/Un.dq',NULL,NULL,NULL,'Acosta',NULL,1,0.00,'D0003',NULL,1,NULL,'2020-09-28 11:07:10','2020-08-28 11:07:06','2020-08-28 11:07:10',2,1,9,13),(30,'Ariel','zangetsu.ins@dnakamafaction.com',NULL,'$2y$10$2VMQ7h9SR1ANNtjsF2EzHu.3oCTrh3POQ0yfyKZI7mFvNdD7CEw9e',NULL,'5555 .collins ave ',NULL,'Aguado',NULL,1,0.00,'D0004',NULL,1,NULL,'2020-09-28 11:07:10','2020-08-28 11:07:06','2020-08-28 11:07:10',2,1,10,13),(31,'Dariel','originalsdnf@dnakamafaction.com',NULL,'$2y$10$gOzJRzS/h3RL8IUNGxZTWOI3P8dNCe2uaoPrfGUXF9y5eqdGRlI2O',NULL,NULL,NULL,'Picon',NULL,1,0.00,'D0005',NULL,1,NULL,NULL,'2020-08-28 11:07:06','2020-08-28 11:07:06',2,1,11,NULL),(32,'Lisandra','lisandra.garcia@dnakamafaction.com',NULL,'$2y$10$36DKyzXYCV2XnH.TGqj8eOj/F4A8GyCOY582v.E94TZdzqNMBnADK',NULL,NULL,NULL,'Garcia',NULL,0,0.00,'D0006',NULL,1,NULL,'2020-09-28 11:07:10','2020-08-28 11:07:06','2020-08-28 11:07:10',2,24,12,13),(33,'Daniela','legendary.dc@dnakamafaction.com',NULL,'$2y$10$KoCdIVykqqfX6Xcte9bQmOBmF2LQfZm67gbG3ad1FWFKKm.nQBGFe',NULL,'12401 W Okeechobee Rd lot 395 Hialeah gardens FL 33018','1970-01-01 05:33:40','Chacon','+17867689714',0,0.00,'D0007',NULL,1,NULL,'2020-09-28 11:07:10','2020-08-28 11:07:06','2020-08-28 11:07:10',2,24,13,13),(34,'Miriam','senjudinasty@dnakamafaction.com',NULL,'$2y$10$Q6/iDFekmT/OEnIWnNwCTOw54aUMmTDcszJtxKgqoMyncKYoe8rQi',NULL,NULL,NULL,'Fernandez',NULL,0,0.00,'D0008',NULL,1,NULL,'2020-09-28 11:07:10','2020-08-28 11:07:06','2020-08-28 11:07:10',2,31,14,13),(35,'Leidy','dnf.nextlevel@dnakamafaction.com',NULL,'$2y$10$1Ji1DbOW1Vxj77YEE5xkduiryC70e6kOiIgLyeTfrEPCmpEy/IVAm',NULL,NULL,'1970-01-01 05:33:14','Lorenzo','+17867730082',0,0.00,'D0009',NULL,1,NULL,'2020-09-28 11:07:10','2020-08-28 11:07:06','2020-08-28 11:07:10',2,30,15,13),(40,'Leodan J ','d.leodan@dnakamafaction.com',NULL,'InsuraPasswordsAreLongButNeedToBeSetByInvitedUsersSuchAsThis',NULL,'5760 E 4 ave','1970-01-01 05:33:07','Perez Rodriguez','+17865188145',0,50.00,'D0010','Representante',0,NULL,NULL,'2020-08-28 11:07:06','2020-08-28 11:07:06',4,30,10,NULL),(41,'Reinier','reiniersanches@dnakamafaction.com',NULL,'$2y$10$CjpadYIY5eaa9H8zviiLnup.cPsZN/UIjTG9n7AumR1lvJvUijuti',NULL,'5555 Collins ave apto 6A Miami Beach FL 33140','1970-01-01 05:33:00','Sanchez Hurtado ','+17864481157',0,0.00,'D0011','Representante',1,NULL,'2020-09-28 11:07:09','2020-08-28 11:07:06','2020-08-28 11:07:09',4,30,10,3),(42,'Aura M','auramorillo.zang@dnakamafaction.com',NULL,'InsuraPasswordsAreLongButNeedToBeSetByInvitedUsersSuchAsThis',NULL,'777 nw 72 ave suite 1115 Miami FL 33126','1970-01-01 05:32:46','Morillo ','+19547903261',0,50.00,'D0012','Representante',1,NULL,NULL,'2020-08-28 11:07:06','2020-08-28 11:07:06',4,30,10,NULL),(53,'John','drmathiu@gmail.com',NULL,'$2y$10$I3t25gWgb30650XkZ3hx8u3J7m7zmlNNcNMzu2QYmTB7C6XIgnFWm',NULL,'11330 NW 32nd PL',NULL,'Due','7865555555',0,50.00,'D0013',NULL,1,NULL,'2020-09-28 11:07:09','2020-08-28 11:07:06','2020-08-28 11:07:09',2,1,17,3),(54,'Daniela','danielachacon83@gmail.com',NULL,'$2y$10$yyk0lqIXDXXXvrTXa2Vh8.oPdcp/BtqerGvg.gEtgb.I64pK1xncS',NULL,'12401 W Okeechobee Rd',NULL,'Chacon','7867689714',0,50.00,'D0014',NULL,1,NULL,'2020-09-28 11:07:09','2020-08-28 11:07:06','2020-08-28 11:07:09',4,24,7,3),(55,'Ernesto','dnf.ervictoria@dnakamafaction.com',NULL,'$2y$10$gyqnEfarDIwgWLdl1y5V4uQUMs59Wow9722ybpQeCBHb49SWr9/ze',NULL,'7390 Cleveland st Hollywood Fl 33024','1970-01-01 05:32:48','Victoria','+17865327232',0,50.00,'D0015','Elite Representative',1,NULL,'2020-09-28 11:07:10','2020-08-28 11:07:06','2020-08-28 11:07:10',3,35,15,8),(56,'Carlos','carlitinmh@gmail.com',NULL,'InsuraPasswordsAreLongButNeedToBeSetByInvitedUsersSuchAsThis',NULL,NULL,NULL,'Moreno','+17278779463',0,50.00,'D0016','Elite Representative ',1,NULL,NULL,'2020-08-28 11:07:06','2020-08-28 11:07:06',3,35,15,NULL),(57,'Kenin','dnf.kenin07@dnakamafaction.com',NULL,'$2y$10$d9BhCwIJN0/T62cOFDuO7u/n0fiAzDxOkiWjt8UOFW5s2d5SUfEQ6',NULL,NULL,NULL,'Martorell','+17862948502',0,0.00,'D0017',NULL,0,NULL,NULL,'2020-08-28 11:07:06','2020-08-28 11:07:06',3,35,15,NULL),(58,'Carelia','miuzca17b@gmail.com',NULL,'$2y$10$Kg7ZigKQ05dtUoMN4AwXee7Te.hdptih8yEUgXlgsqd7v6kr0e1Ze',NULL,NULL,NULL,'Brito ','+17863993537',0,50.00,'D0018','Representante ',1,NULL,NULL,'2020-08-28 11:07:06','2020-08-28 11:07:06',4,35,15,NULL),(59,'Daniela','daniela.dnf@outlook.com',NULL,'InsuraPasswordsAreLongButNeedToBeSetByInvitedUsersSuchAsThis',NULL,NULL,NULL,'Chacon','+17867689714',0,50.00,'D0019',NULL,0,NULL,NULL,'2020-08-28 11:07:06','2020-08-28 11:07:06',4,24,7,NULL),(60,'Amarilys','amarilysbrito@dnakamafaction.com',NULL,'$2y$10$uNkdn/XXpvbFM.DKKFW49uVzxj/dhJ8DQGVu9MAleIoMpHbnsRHC6',NULL,NULL,NULL,'Brito','+17863576176',0,50.00,'D0020',NULL,1,NULL,'2020-09-28 11:07:09','2020-08-28 11:07:06','2020-08-28 11:07:09',4,35,15,3),(61,'Lizet','alexi1988go@gmail.com',NULL,'InsuraPasswordsAreLongButNeedToBeSetByInvitedUsersSuchAsThis',NULL,NULL,NULL,'Gonzalez','+17863438646',0,50.00,'D0021',NULL,1,NULL,NULL,'2020-08-28 11:07:06','2020-08-28 11:07:06',4,55,15,NULL),(62,'Sara','saracardosou@yahoo.es',NULL,'$2y$10$hAgSUi.J/IEw4QRuZmO8zePGG/ZCIK59kit.S/MfFnkvZXWGfDRDu',NULL,NULL,NULL,'Cardoso','+17863157271',0,50.00,'D0022','Representante',1,NULL,'2020-09-28 11:07:09','2020-08-28 11:07:06','2020-08-28 11:07:09',4,35,15,3),(63,'Mario','mario.alvarado59@yahoo.com',NULL,'$2y$10$eRvRjJPJeW5QqLZz/XyZd.JaT5h2X8//TG/w3OlCzRqMauwZyLQpC',NULL,NULL,NULL,'Alvarado','+13059050206',0,50.00,'D0023','Representante ',1,NULL,NULL,'2020-08-28 11:07:06','2020-08-28 11:07:06',4,35,15,NULL),(64,'Lourdes ','lourdestorre@dnakamafaction.com',NULL,'$2y$10$3U4y2RT6U8WCy9S7rdKpN.5nGgmubDVAkTbY4Ev6.UXuFO79hTHaS',NULL,'12369 NW 98th Lane','1970-01-01 05:32:43','De la torre','+15616676191',0,50.00,'D0024','Representante ',1,NULL,'2020-09-28 11:07:09','2020-08-28 11:07:06','2020-08-28 11:07:09',4,35,15,3),(65,'Natalia','natalianoltealvan@gmail.com',NULL,'$2y$10$rdleZz/lq.76zRuoxFMBjeGgGa2lSvsMFZq1JcgJw93H/NyUQKdJm',NULL,NULL,NULL,'Nolte','+19545475957',0,50.00,'D0025','Representante ',1,NULL,NULL,'2020-08-28 11:07:06','2020-08-28 11:07:06',4,35,15,NULL),(66,'Ivette','icpinelldnf@gmail.com',NULL,'$2y$10$5j9OLKy2vkt46g2f5TNpcO.Kecr/Cm76hJhesEyKuqbe1JgFaUW4O',NULL,NULL,NULL,'Pinell','+17864455164',0,50.00,'D0026','Representante ',1,NULL,'2020-09-28 11:07:09','2020-08-28 11:07:06','2020-08-28 11:07:09',4,35,15,3),(67,'Libia','libia@dnfinsurance.com',NULL,'InsuraPasswordsAreLongButNeedToBeSetByInvitedUsersSuchAsThis',NULL,NULL,NULL,'Serrano','+17867689714',0,50.00,'D0027',NULL,0,NULL,NULL,'2020-08-28 11:07:06','2020-08-28 11:07:06',3,24,7,NULL),(68,'Jacqueline','jacqueline.araoz@dnakamafaction.com',NULL,'$2y$10$Tp6d8B4Aq1Ah6jPeWlcU8eEHaP3FdCJyBqNnkW8nbuCC7t/JsJw16',NULL,NULL,NULL,'Araoz',NULL,0,50.00,'D0028',NULL,1,NULL,'2020-09-28 11:07:09','2020-08-28 11:07:06','2020-08-28 11:07:09',4,55,15,3),(69,'Cristhopher','cristocoda@dnakamafaction.com',NULL,'$2y$10$VIvSAZHO3REkrgDeLKJ6T.FU.be1CSWyz7jvt4ZlU1aHHRXMG6QF.',NULL,NULL,'1970-01-01 05:33:20','Coda Munoz','+17865436888',0,50.00,'D0029',NULL,1,NULL,'2020-09-28 11:07:09','2020-08-28 11:07:06','2020-08-28 11:07:09',3,33,13,3),(71,'Yaraika','yaraika.labrador@dnakamafaction.com',NULL,'$2y$10$2wDBho6PL4sPDJ/YXTQjwuPa/tZOHp6YW1snhQ2yyuFyLzH/rWnVS',NULL,NULL,'1970-01-01 05:33:10','Labrador','+13054173262',0,50.00,'D0030',NULL,1,NULL,'2020-09-28 11:07:09','2020-08-28 11:07:06','2020-08-28 11:07:09',4,33,13,3),(72,'Rosa Maria','rosa.maria@dnakamafaction.com',NULL,'$2y$10$o3GM/1XmcYisEFKrEYKYB.0eG847FPdprQX8LIFMo11xYgIlo8Zcm',NULL,NULL,'1970-01-01 05:32:55','Espinales','+17863129507',0,50.00,'D0031',NULL,1,NULL,'2020-09-28 11:07:09','2020-08-28 11:07:06','2020-08-28 11:07:09',4,33,13,3),(73,'Rodulfo','rodulfo.rivero@dnakamafaction.com',NULL,'InsuraPasswordsAreLongButNeedToBeSetByInvitedUsersSuchAsThis',NULL,NULL,'1970-01-01 05:32:32','Rivero','+19548598435',0,50.00,'D0032',NULL,1,NULL,NULL,'2020-08-28 11:07:06','2020-08-28 11:07:06',4,69,13,NULL),(74,'Gloria','gloria.hernandez@dnakamafaction.com',NULL,'InsuraPasswordsAreLongButNeedToBeSetByInvitedUsersSuchAsThis',NULL,NULL,'1970-01-01 05:32:46','Hernandez','+17862162110',0,0.00,'D0033',NULL,0,NULL,NULL,'2020-08-28 11:07:06','2020-08-28 11:07:06',4,33,13,NULL),(75,'Martha','martha.mendez@dnakamafaction.com',NULL,'$2y$10$hp3./l3co7XYA/HJ4f9qtOougcjQBrkKAJVExaUb5vjnoxMS50Dp.',NULL,NULL,'1970-01-01 05:32:43','Mendez','+17864098651',0,50.00,'D0034',NULL,1,NULL,'2020-09-28 11:07:09','2020-08-28 11:07:06','2020-08-28 11:07:09',4,33,13,3),(76,'Teresa','teresa.torres@dnakamafaction.com',NULL,'InsuraPasswordsAreLongButNeedToBeSetByInvitedUsersSuchAsThis',NULL,NULL,'1970-01-01 05:33:12','Torres','+17862965997',0,50.00,'D0035',NULL,1,NULL,NULL,'2020-08-28 11:07:06','2020-08-28 11:07:06',4,33,13,NULL),(77,'Anamarys','anamarys.suarez@dnakamafaction.com',NULL,'$2y$10$pPtN6NeGaP2Spu92lrHSBOR4VkfF9v9p9Lc966BFRthumwtRCho3u',NULL,'242 Sw 30 Ave Miami Fl 33135','1970-01-01 05:33:18','Suarez','+17865368983',0,50.00,'D0036',NULL,1,NULL,'2020-09-28 11:07:09','2020-08-28 11:07:06','2020-08-28 11:07:09',4,69,13,3),(78,'Manuel','manuel.quintana@dnakamafaction.com',NULL,'$2y$10$XXeUkq7MVfM5VNz271JKfOgYCv5zdpLCRb1imdajHRThrg2nwyK2O',NULL,NULL,'1970-01-01 05:33:09','Quintana','+17867810574',0,50.00,'D0037',NULL,1,NULL,'2020-09-28 11:07:09','2020-08-28 11:07:06','2020-08-28 11:07:09',4,69,13,3),(79,'Leonel','leonel.villasmil@dnakamafaction.com',NULL,'$2y$10$pGV1/td7LfW0aE5MJeq3yeCOuPi9bppGw4zH9e3Cb1dqqXotsmrAO',NULL,NULL,'1970-01-01 05:33:17','Villasmil','+17864691835',0,50.00,'D0038',NULL,1,NULL,'2020-09-28 11:07:09','2020-08-28 11:07:06','2020-08-28 11:07:09',4,69,13,3),(80,'Adriana','adriana.martinez@dnakamafaction.com',NULL,'$2y$10$8zBb0ymmbMhSQe5IdG/NkupvNup14LZ05Va1b5fMuEw4TCVZXAyMi',NULL,NULL,NULL,'Martinez','+17867404497',0,50.00,'D0039',NULL,1,NULL,'2020-09-28 11:07:09','2020-08-28 11:07:06','2020-08-28 11:07:09',4,69,13,3),(81,'Anisley','anisley.rodriguez@dnakamafaction.com',NULL,'InsuraPasswordsAreLongButNeedToBeSetByInvitedUsersSuchAsThis',NULL,NULL,NULL,'Rodriguez','+13054969711',0,50.00,'D0040',NULL,1,NULL,NULL,'2020-08-28 11:07:06','2020-08-28 11:07:06',4,33,13,NULL),(82,'Susana','susana.bolufe@dnakamafaction.com',NULL,'InsuraPasswordsAreLongButNeedToBeSetByInvitedUsersSuchAsThis',NULL,NULL,NULL,'Bolufe','+17864437101',0,50.00,'D0041',NULL,1,NULL,NULL,'2020-08-28 11:07:06','2020-08-28 11:07:06',4,33,13,NULL),(83,'Aymee','aymee.logo@dnakamafaction.com',NULL,'InsuraPasswordsAreLongButNeedToBeSetByInvitedUsersSuchAsThis',NULL,NULL,NULL,'Logo','+17864748447',0,50.00,'D0042',NULL,0,NULL,NULL,'2020-08-28 11:07:06','2020-08-28 11:07:06',4,33,13,NULL),(84,'Antonino','antonino.puleo@dnakamafaction.com',NULL,'InsuraPasswordsAreLongButNeedToBeSetByInvitedUsersSuchAsThis',NULL,NULL,NULL,'Puleo','+17867796508',0,50.00,'D0043',NULL,0,NULL,NULL,'2020-08-28 11:07:06','2020-08-28 11:07:06',4,33,13,NULL),(85,'Mayra','mhernandez@dnakamafaction.com',NULL,'$2y$10$QKE2TDVQkYBe7BCjUzh29O52XJXASaWbKWnVW1.dcLD1CbEJFWQzC',NULL,'1480 west 44 st hialeah fl 33012',NULL,'Hernandez','+12396876036',0,50.00,'D0044',NULL,0,NULL,'2020-09-28 11:07:09','2020-08-28 11:07:06','2020-08-28 11:07:09',4,32,12,3),(86,'libia','serranolibia03@icloud.com',NULL,'$2y$10$8cZ8EYCrZu7Rk5Dqo5gQLeFlZmujt3NkX5KrvZLIVhQR2t4kQnH02',NULL,'2430 west 56 st','1970-01-01 05:00:00','serrano','+17865397048',0,50.00,'D0045',NULL,0,NULL,'2021-08-28 11:07:10','2020-08-28 11:07:06','2020-08-28 11:07:10',3,32,12,12),(87,'Eddy','epdnfeddysaumell2020@gmail.com',NULL,'InsuraPasswordsAreLongButNeedToBeSetByInvitedUsersSuchAsThis',NULL,'777 nw 72 ave suite 1047','1970-01-01 05:00:00','Saumell','+17866161060',0,50.00,'D0046',NULL,0,NULL,NULL,'2020-08-28 11:07:06','2020-08-28 11:07:06',4,34,14,NULL),(88,'Magaly ','magalymf@dnakamafaction.com',NULL,'$2y$10$OWaLz0BV/dOW4XZEA9rtiez6NbzRg/z2gGmwiGjdiqzRtreUFFg9a',NULL,'3518 Taylor st apt 2 Hollywood 33021','1970-01-01 05:00:00','Marrero','+17867182870',0,50.00,'D0047',NULL,0,NULL,NULL,'2020-08-28 11:07:06','2020-08-28 11:07:06',4,34,14,NULL),(89,'Esperanza ','esperanzarodriguezroman.06@gmail.com',NULL,'InsuraPasswordsAreLongButNeedToBeSetByInvitedUsersSuchAsThis',NULL,'1730 sw 83 ave Miramar 33025','1970-01-01 05:00:00','Rodriguez ','+17864031894',0,50.00,'D0048',NULL,0,NULL,NULL,'2020-08-28 11:07:06','2020-08-28 11:07:06',4,34,14,NULL),(90,'Niurka','niurka1968@hotmail.com',NULL,'InsuraPasswordsAreLongButNeedToBeSetByInvitedUsersSuchAsThis',NULL,'550 nw 51 ave apt 20 Miami 33126','1970-01-01 05:00:00','Gutiérrez ','+17863559251',0,50.00,'D0049',NULL,0,NULL,NULL,'2020-08-28 11:07:06','2020-08-28 11:07:06',4,34,14,NULL),(91,'Katherine ','katherine20151017@gmail.com',NULL,'InsuraPasswordsAreLongButNeedToBeSetByInvitedUsersSuchAsThis',NULL,'1730 sw 83 ave Miramar 33','1970-01-01 05:00:00','Romero','+17864509538',0,50.00,'D0050',NULL,0,NULL,NULL,'2020-08-28 11:07:06','2020-08-28 11:07:06',4,34,14,NULL),(92,'Flor Ángela ','angiedorado63@gmail.com',NULL,'InsuraPasswordsAreLongButNeedToBeSetByInvitedUsersSuchAsThis',NULL,'9349 sw 169 ave Miami 33196','1970-01-01 05:00:00','Sanchez ','+17864437292',0,50.00,'D0051',NULL,0,NULL,NULL,'2020-08-28 11:07:06','2020-08-28 11:07:06',4,34,14,NULL),(93,'Antonio','antonioarzola108@gmail.com',NULL,'InsuraPasswordsAreLongButNeedToBeSetByInvitedUsersSuchAsThis',NULL,'33 E 41  st  Hialeah 33013','1970-01-01 05:00:00','Arzola','+17865323920',0,0.00,'D0052',NULL,0,NULL,NULL,'2020-08-28 11:07:06','2020-08-28 11:07:06',4,34,14,NULL),(94,'Liudmila ','yumy.raulos@gmail.com',NULL,'InsuraPasswordsAreLongButNeedToBeSetByInvitedUsersSuchAsThis',NULL,'4520 Davis court Bartow 33830','1970-01-01 05:00:00','Puron','+13057258012',0,50.00,'D0053',NULL,0,NULL,NULL,'2020-08-28 11:07:06','2020-08-28 11:07:06',4,34,14,NULL),(95,'Lino','glino64@yahoo.com',NULL,'$2y$10$wMSvLd5cOhNFJ1Z1cZadVuNqeUVyGShrrNJ.lVzQOKR6QJyIBGEcK',NULL,'280 se 48 ave coral gables fl 33134','1970-01-01 05:32:53','Gonzalez','+13056096136',0,50.00,'D0054','Agent',1,NULL,'2020-09-28 11:07:09','2020-08-28 11:07:06','2020-08-28 11:07:09',4,29,9,3),(96,'Susan','machadosusan@dnakamafaction.com',NULL,'$2y$10$N2tsJ0VwO5y7d/kj6eOvvOzYqZp3agaJdk1VD2XDIO/IG81.u892O',NULL,NULL,'1970-01-01 05:33:18','Machado','+17863256723',0,0.00,'D0055',NULL,1,NULL,NULL,'2020-08-28 11:07:06','2020-08-28 11:07:06',5,29,9,NULL),(98,'Kevin ','kevindonates98@gmail.com',NULL,'InsuraPasswordsAreLongButNeedToBeSetByInvitedUsersSuchAsThis',NULL,NULL,NULL,'Donates',NULL,0,10.00,'D0056',NULL,0,NULL,NULL,'2020-08-28 11:07:06','2020-08-28 11:07:06',4,95,9,NULL),(99,'Lourdes','lourdesguzman.dnf@gmail.com',NULL,'$2y$10$Iev0ejcFSsrQ1.vSTYorV.7oWDE7VbabmyUONn61iCoT82TvfFllC',NULL,NULL,NULL,'Guzman','+14072021110',0,50.00,'D0057',NULL,1,NULL,'2020-09-28 11:07:09','2020-08-28 11:07:06','2020-08-28 11:07:09',4,24,7,3),(100,'Ana M ','ana_sevilla82@yahoo.com',NULL,'$2y$10$1bMqdIYShdc926A.eNQVK.6S5CTp.azIr2FiBqfTdnXYFN4M.naFy',NULL,'17073 se 93 st Miami FL 33196','1970-01-01 05:33:02','Figueroa','+17863802581',0,50.00,'D0058','Representative',1,NULL,'2020-09-28 11:07:09','2020-08-28 11:07:06','2020-08-28 11:07:09',4,30,10,3),(101,'María A ','mariantma@yahoo.com',NULL,'$2y$10$eguwSWpw05S/6x/EwkGVyeE89KXL3sHNj/EmuW6XHfrNyuE61ltyC',NULL,'1650 sw 30 ave Miami FL 33145','1970-01-01 05:32:43','Machado Canales ','+17865385581',0,50.00,'D0059',NULL,1,NULL,'2020-09-28 11:07:09','2020-08-28 11:07:06','2020-08-28 11:07:09',4,30,10,3),(102,'Mikael H','mijaresmikael@gmail.com',NULL,'$2y$10$K0VGPlwm.HC6NayINUyIU.N4UP9Tz4qD8hi0rl712K8JhS9NZAUOu',NULL,'2560 w 67 pl b31 apto 203 hialeah 33016','1970-01-01 05:33:13','Mijares Cartaya','+17866917526',0,50.00,'D0060','Representative',1,NULL,'2020-09-28 11:07:09','2020-08-28 11:07:07','2020-08-28 11:07:09',4,30,10,3),(103,'Ariel','aguado.ariel@gmail.com',NULL,'InsuraPasswordsAreLongButNeedToBeSetByInvitedUsersSuchAsThis',NULL,NULL,'1970-01-01 05:33:40','Aguado','+13058321002',0,0.00,'D0061',NULL,0,NULL,NULL,'2020-08-28 11:07:07','2020-08-28 11:07:07',5,30,10,NULL),(104,'Miguel','miguel.leon33@yahoo.es',NULL,'$2y$10$bm9KNxEFHXSQ.LVGYmU5gOiMWKxRtnNmKgxSsWpvjy8Ll4Kr6lz8S',NULL,'15461 sw 151 ter Miami fl 33196','1970-01-01 05:32:39','Leon','+13059721863',0,50.00,'D0062','Agent',1,NULL,'2020-09-28 11:07:10','2020-08-28 11:07:07','2020-08-28 11:07:10',4,29,9,21),(105,'Angelica ','ahigakoga20@msn.com',NULL,'$2y$10$Tq5gfCcgzMepXZU5oi3ntOhexqLmtjqMQsYroRYzbdW6GISFViy8u',NULL,'4613 sw 136 pl ',NULL,'Higa','7869302600',0,50.00,'D0063',NULL,1,NULL,'2020-09-28 11:07:09','2020-08-28 11:07:07','2020-08-28 11:07:09',4,104,9,3),(106,'Eddy','dnfeddysaumell@dnakamafaction.com',NULL,'$2y$10$vb5EZ3LBheKxl/kHI0VTOeEi4FAxEfq5LjeIpDIVVMq9RwcY5kmOe',NULL,NULL,'1970-01-01 05:33:10','Saumell','+17866161060',0,50.00,'D0064',NULL,1,NULL,'2020-09-28 11:07:09','2020-08-28 11:07:07','2020-08-28 11:07:09',4,34,14,3),(107,'Erwin','darwinsaiz@yahoo.es',NULL,'$2y$10$25XOpp5P4A7gb3N4F2nuduv7Mog4qZkL.cI7dbr8wbFoByp9Nmf0G',NULL,NULL,NULL,'Test',NULL,0,50.00,'D0065',NULL,1,NULL,'2020-09-28 11:07:09','2020-08-28 11:07:07','2020-08-28 11:07:09',4,1,1,3),(108,'Ranier','zimbachkd@gmail.com',NULL,'$2y$10$AFNTHiZcyKtKuOHD3eA8iur0P2dzR9/HZYYVzWycFgTl4Nmtk.6yy',NULL,NULL,NULL,'Roque','+17864284978',0,50.00,'D0066',NULL,1,NULL,'2020-09-28 11:07:09','2020-08-28 11:07:07','2020-08-28 11:07:09',4,35,15,3),(109,'Steven','kaizenagency@dnakamafaction.com',NULL,'$2y$10$3XJa7RURiDyRWjKBnD/N3O3moVXaQlARghBOhC1qN4qkywt8CnGTG',NULL,'4603 neptune rd st cloud, fl, 34769','1970-01-01 05:33:14','Bonilla','+17867206826',0,80.00,'D0067','Agency\'s Owner.',1,NULL,'2020-09-28 11:07:10','2020-08-28 11:07:07','2020-08-28 11:07:10',2,23,21,13),(110,'Anlet','anlets@dnakamafaction.com',NULL,'$2y$10$Kt6byrrcmwfsYYC/MER1a.AJ4m75jLDDaGtoWb8xuu55blkdKVLUO',NULL,'777 NW 72ND AVE','1970-01-01 05:32:54','Santisteban','+13053947669',0,50.00,'D0068','Elite Representative.',1,NULL,'2020-09-28 11:07:10','2020-08-28 11:07:07','2020-08-28 11:07:10',3,23,6,8),(111,'Ariel ','aguado.ariel@yahoo.es',NULL,'InsuraPasswordsAreLongButNeedToBeSetByInvitedUsersSuchAsThis',NULL,'5555 collins ave','1970-01-01 05:00:00','Prueba','+13057092498',0,80.00,'D0069','agencia',1,NULL,NULL,'2020-08-28 11:07:07','2020-08-28 11:07:07',4,30,10,NULL),(112,'Ariel ','zangetsu.obcare@dnakamafaction.com',NULL,'$2y$10$jyAZyj7Xdjxr8V3nSQcEO./RueCqQN2HxI4XFoKjcE.KD1ZDDplqy',NULL,'5555 collins ave','1970-01-01 05:00:00','Pruebas',NULL,0,50.00,'D0070','repre',1,NULL,'2020-09-28 11:07:09','2020-08-28 11:07:07','2020-08-28 11:07:09',4,30,10,3),(113,'Mirian ','erika.ivonne@dnakamafaction.com',NULL,'$2y$10$LGGLXXcC/.DH5b4R/R2T5uS.eKZz42XQ8T2GnPCC9BkJdCCDfQ6Em',NULL,NULL,NULL,'Fernandez',NULL,0,0.00,'D0071',NULL,0,NULL,NULL,'2020-08-28 11:07:07','2020-08-28 11:07:07',2,NULL,18,NULL),(114,'Lourdes','lourdesguzman@dnakamafaction.com',NULL,'$2y$10$kOkdq/X2oz0or/H6nTcTi.HBMmpHXNKdoyyv/mRHR5Jq8XokoZXUy',NULL,NULL,NULL,'Guzman',NULL,0,0.00,'D0072',NULL,0,NULL,'2020-09-28 11:07:10','2020-08-28 11:07:07','2020-08-28 11:07:10',2,NULL,19,13),(115,'Daniela','daniela.c@dnakamafaction.com',NULL,'$2y$10$0JMFqPhs3LE0hLxrun1vBe5k0T/YX/ycnhNzJR4CZbNgr9PojZQ9O',NULL,NULL,NULL,NULL,NULL,0,50.00,'D0073',NULL,1,NULL,'2020-09-28 11:07:09','2020-08-28 11:07:07','2020-08-28 11:07:09',4,33,13,3),(117,'Ariel','aguado.ariel1@gmail.com',NULL,'$2y$10$UNggPKu00wkuIIxLOVjHsOL2bF91OvG2YDpDGpkpAtwvLjHxziBHu',NULL,'5555 Collins Ave ',NULL,'Fernandez ','7867678997',0,50.00,'D0074',NULL,1,NULL,'2020-09-28 11:07:09','2020-08-28 11:07:07','2020-08-28 11:07:09',4,30,10,3),(118,'Valeria','Bellaluz2992@icloud.com',NULL,'$2y$10$l8MyE/16HZxWZWrFvv1AJu9DmCLLyOEwiOZv1QmniuEgAeS47Ucfe',NULL,NULL,NULL,'Florez gutierrez',NULL,0,0.00,'D0075',NULL,0,NULL,NULL,'2020-08-28 11:07:07','2020-08-28 11:07:07',2,NULL,20,NULL),(119,'Yarelly ','ycolon29@dnakamafaction.com',NULL,'$2y$10$SfEc8i8rje1R8F4xjTihQOtnZ2Z9QnY7qMYuLFJLFaPSGPspbhC86',NULL,'1791 ranger highlands rd , ','1970-01-01 05:00:00','Colon ','+14077233170',0,50.00,'D0076','Representante Elite ',1,NULL,'2020-09-28 11:07:10','2020-08-28 11:07:07','2020-08-28 11:07:10',3,109,21,8),(120,'Mariana','marianaalvarez@dnakamafaction.com',NULL,'$2y$10$7VFnkRRS/N3Kuw0D8mIQF./lEbTKQhAmji5DiOZEm.y0aCbQFyEUa',NULL,'1104 Craig Ct Saint Cloud Fl 34772','1970-01-01 05:33:19','Alvarez ','+14075333425',0,25.00,'D0077','Representative ',1,NULL,'2020-09-28 11:07:09','2020-08-28 11:07:07','2020-08-28 11:07:09',4,119,21,3),(121,'Marisol','marisollatorre@dnakamafaction.com',NULL,'$2y$10$QMKSZcaLPGCvNck1hqVlvOqtqY0aDvNL57TdOkieAvc8KBeTXOfoS',NULL,'5614 Bishop Cir Jacksonville Fl 32207','1970-01-01 05:33:13','Latorre','+18635085963',0,25.00,'D0078','Representative ',1,NULL,'2020-09-28 11:07:09','2020-08-28 11:07:07','2020-08-28 11:07:09',4,119,21,3),(122,'Carmen Lorena','lorenaguerrero@dnakamafaction.com',NULL,'$2y$10$2FHWPlSeIqZgZU7q3jYRguUZoQyVx0zAJIDJhB1ir0A8E9EEm8t/u',NULL,'4900 Casón cove drive apt 208 Orlando Fl 32811','1970-01-01 05:32:59','Guerrero','+14073346314',0,25.00,'D0079','Representative ',1,NULL,NULL,'2020-08-28 11:07:07','2020-08-28 11:07:07',4,119,21,NULL),(123,'Adrian ','adrian.bello@dnakamafaction.com',NULL,'$2y$10$c0FA4zznIcU/gjt6HZ4cXux0P6Bfe4rXutha8JGj/a1b3buEghq12',NULL,NULL,'1970-01-01 05:33:19','Bello ','+17173448481',0,50.00,'D0080',NULL,1,NULL,'2020-09-28 11:07:09','2020-08-28 11:07:07','2020-08-28 11:07:09',4,69,13,3),(124,'Julia','juliaedithgonzalez2010@gmail.com',NULL,'$2y$10$QybOb.s2YIISjzHjx55fPubx3T18cg5EfpXnyija5TyIZG8xOsqK6',NULL,NULL,NULL,'Portillo','+18329496605',0,0.00,'D0081',NULL,1,NULL,NULL,'2020-08-28 11:07:07','2020-08-28 11:07:07',4,75,13,NULL),(125,'Valeria ','valeria.florez@dnakamafaction.com',NULL,'$2y$10$TgQ.8O64ndqvureVoSrw1.mLre1UMrmebI3eBlDG5kMNHvgUKcpNy',NULL,NULL,'1970-01-01 05:33:12','Florez','+19547079094',0,0.00,'D0082',NULL,1,NULL,'2020-09-28 11:07:09','2020-08-28 11:07:07','2020-08-28 11:07:09',4,75,13,3),(126,'Mariangel','Mariangelsaez@gmail.com',NULL,'$2y$10$c9.VwUu9VgXmmF2O29lHMuONaEcGMrEduYdkSIk4qWJO880.JVWMO',NULL,NULL,NULL,'Saez','+17864742234',0,0.00,'D0083',NULL,1,NULL,'2020-09-28 11:07:09','2020-08-28 11:07:07','2020-08-28 11:07:09',4,75,13,3),(127,'Adrian','adrianzapata@dnakamafaction.com',NULL,'$2y$10$cLaueXldFFU3xfKfB9G0BemvfMe5VPnDOSUjgbhkHvZRxL9IF/SW.',NULL,NULL,'1970-01-01 05:33:18','Zapata','+14075333250',0,50.00,'D0084',NULL,1,NULL,'2020-09-28 11:07:09','2020-08-28 11:07:07','2020-08-28 11:07:09',4,120,21,3),(128,'Rafael ','suarezraaa@yahoo.es',NULL,'InsuraPasswordsAreLongButNeedToBeSetByInvitedUsersSuchAsThis',NULL,NULL,'1970-01-01 05:00:00','Suárez ','+17864443217',0,50.00,'D0085',NULL,1,NULL,NULL,'2020-08-28 11:07:07','2020-08-28 11:07:07',4,35,15,NULL),(129,'Hernan David','hernan.menjura.riveros@gmail.com',NULL,'$2y$10$kfxT5USnS976/yMVfBJDh.ogIOYvy0Wx..tU.rVFktUDJz2yN44NS',NULL,'6852 WEISER STREET',NULL,'Menjura Riveros','4078609843',0,50.00,'D0086',NULL,1,NULL,NULL,'2020-08-28 11:07:07','2020-08-28 11:07:07',4,71,13,NULL),(130,' Jose Alberto','josealbertoruizalvarez1990@gmail.com',NULL,'',NULL,'881 SW 128TH CT',NULL,'Ruiz','3055600182',0,50.00,'D0087',NULL,1,NULL,NULL,'2020-08-28 11:07:07','2020-08-28 11:07:07',4,71,13,NULL),(131,'Jazmin','jazminazario1715@gmail.com',NULL,'',NULL,'5131 Serena Dr',NULL,'Nazario','8132556460',0,50.00,'D0088',NULL,1,NULL,NULL,'2020-08-28 11:07:07','2020-08-28 11:07:07',4,99,7,NULL),(132,'Leonela','leonelalisojo@gmail.com',NULL,'$2y$10$Fu3NaggUWZlGPXnqwyDTH.gkN7xwicjnfvCwdCZB7pxP3rRiKLw9e',NULL,'122 Scottsdale Square ',NULL,'Lisojo','407-715-0404',0,50.00,'D0089',NULL,1,NULL,'2020-09-28 11:07:09','2020-08-28 11:07:07','2020-08-28 11:07:09',4,99,7,3),(133,'Leidy','leidylaurapv@gmail.com',NULL,'$2y$10$lmv3CECFwpyeHliwOYtuBOIcCBT5svhK/.ssAfhG/mAQfEscoA5tm',NULL,NULL,NULL,'Palacio','+17867029601',0,0.03,'D0090',NULL,1,NULL,NULL,'2020-08-28 11:07:07','2020-08-28 11:07:07',4,75,13,NULL),(134,'Yadilka','dnf.yadihernandez@gmail.com',NULL,'$2y$10$AZegO3riJgz96pss5tniiudiP81QrXeqT.pli/.7bzzcdB0YuaEeO',NULL,NULL,'1970-01-01 05:33:14','Hernandez','+17863459618',0,50.00,'D0091',NULL,1,NULL,'2020-09-28 11:07:09','2020-08-28 11:07:07','2020-08-28 11:07:09',4,29,9,3),(135,'GREYCE ANDREA','greyce.andrea@dnakamafaction.com',NULL,'InsuraPasswordsAreLongButNeedToBeSetByInvitedUsersSuchAsThis',NULL,'777 NW 72 AVENUE SUITE 1115',NULL,'DE ALBA','+13055199601',0,50.00,'D0092',NULL,1,NULL,NULL,'2020-08-28 11:07:07','2020-08-28 11:07:07',4,33,13,NULL),(136,'ALBERTO','alberto.ruiz@dnakamafaction.com',NULL,'InsuraPasswordsAreLongButNeedToBeSetByInvitedUsersSuchAsThis',NULL,'3840 35th avNE,NAPLES, FL 34120','1970-01-01 05:00:00','RUIZ','+12392072968',0,50.00,'D0093',NULL,1,NULL,NULL,'2020-08-28 11:07:07','2020-08-28 11:07:07',4,33,13,NULL),(137,'CArolina ','carolina.mendez@dnakamafaction.com',NULL,'InsuraPasswordsAreLongButNeedToBeSetByInvitedUsersSuchAsThis',NULL,'1234sw 25av Miami Beach Fl ','1970-01-01 05:33:06','Mendez ','+17865412225',0,50.00,'D0094',NULL,1,NULL,NULL,'2020-08-28 11:07:07','2020-08-28 11:07:07',4,NULL,13,NULL),(138,'Debora','dnieves38@yahoo.com',NULL,'',NULL,'5266 N Orange Blossom Trail 204',NULL,'Nieves','3213338921',0,50.00,'D0095',NULL,1,NULL,NULL,'2020-08-28 11:07:07','2020-08-28 11:07:07',4,99,7,NULL),(139,'Isandra ','leisayisi@hotmail.com',NULL,'',NULL,'6830 Sw 128 th pl miami fl ',NULL,'Tabares ','+1 (786) 412-414',0,50.00,'D0096',NULL,1,NULL,NULL,'2020-08-28 11:07:07','2020-08-28 11:07:07',4,123,13,NULL),(140,'Felipe ','felolinux@gmail.com',NULL,'',NULL,'8971 se 72 st apt 333',NULL,'Rodriguez ','+1 (786) 616-309',0,50.00,'D0097',NULL,1,NULL,NULL,'2020-08-28 11:07:07','2020-08-28 11:07:07',4,123,13,NULL),(141,'Isandra ','ainhoayleisa@hotmail.com',NULL,'$2y$10$0bXAEn1liuGfN4ayIFcXv.U.sBT2tAyy5YsVFFNeW5kjpKqOZmfQS',NULL,'6830 sw 128th pl Miami fl 33183  ',NULL,'Tabares ','+1786412414',0,50.00,'D0098',NULL,1,NULL,'2020-09-28 11:07:09','2020-08-28 11:07:07','2020-08-28 11:07:09',4,123,13,3),(142,'Katheryn ','kathysclaros661@gmail.com',NULL,'',NULL,'1576 62nd south west palm beach fl 33415',NULL,'Nicoll','5613411575',0,50.00,'D0099',NULL,1,NULL,NULL,'2020-08-28 11:07:07','2020-08-28 11:07:07',4,123,13,NULL),(143,'Elena','orizonte_02@hotmail.com',NULL,'$2y$10$9UHpYxWEl7WRPutWfe1tg.ppNCYsVtB5iZ715Ua850KSaEv6fJBy2',NULL,'1301 NE Miami Gardens Dr. #222',NULL,'Moran ','7862706834',0,50.00,'D0100',NULL,1,NULL,NULL,'2020-08-28 11:07:07','2020-08-28 11:07:07',4,NULL,13,NULL),(144,'Carlos ','carlosvox1@gmail.com',NULL,'$2y$10$wB785zUYwCFbtlWpUH0.jeKvL6Zh.eIn9fR9dGQWnku7m7TJ5zED6',NULL,'1301 NE Miami Gardens Dr #222',NULL,'Colina','7862706090',0,50.00,'D0101',NULL,1,NULL,NULL,'2020-08-28 11:07:07','2020-08-28 11:07:07',4,NULL,13,NULL),(146,'Katherine ','Kathybr11@yahoo.com',NULL,'$2y$10$94u44u6cX5iTPIPSrL9uEupF/lgfsHh5se72DkCxisnpM7PkNCPau',NULL,'18311 sw 144st Ct ',NULL,'Baldizon ','7862462163',0,50.00,'D0102',NULL,1,NULL,'2020-09-28 11:07:09','2020-08-28 11:07:07','2020-08-28 11:07:09',4,41,10,3),(147,'Mariela','marielacotto@yahoo.com',NULL,'$2y$10$KZqK84FiIe5K5jwbtBCJnuxeE6Sv1BY87I2ct3R6Fw4hSrsq8Ohk2',NULL,'1230 CHIEF TRL',NULL,'Cotto','4077150223',0,50.00,'D0103',NULL,1,NULL,'2020-09-28 11:07:09','2020-08-28 11:07:07','2020-08-28 11:07:09',4,99,7,3),(148,'Massiel','massieldelavarga@gmail.com',NULL,'$2y$10$4htsYGBh9Q08mTlhkcSWyO/.MwWs.RsNB0PPviwlcrJ97xj6VZTIy',NULL,NULL,'1970-01-01 05:33:13','De la Varga','+17862595157',0,50.00,'D0104','Agent',1,NULL,'2020-09-28 11:07:09','2020-08-28 11:07:07','2020-08-28 11:07:09',4,29,9,3),(149,'Danys','danyscoto@icloud.com',NULL,'',NULL,'15619 SW 73 Circle Terr',NULL,'Coto Rivera','7863396377',0,50.00,'D0105',NULL,1,NULL,NULL,'2020-08-28 11:07:07','2020-08-28 11:07:07',4,96,9,NULL),(150,'Monica','monicalainez01@gmail.com',NULL,'$2y$10$8yY/jGvGwj05GULBYczJ1OAV/vETmH/NmN2XF40ROs0iU3UFRVwGa',NULL,'6331 farragut',NULL,'Lainez','7863330707',0,50.00,'D0106',NULL,1,NULL,'2020-09-28 11:07:10','2020-08-28 11:07:07','2020-08-28 11:07:10',4,71,13,3),(151,'José Armando     ','armando1992jh@gmail.com',NULL,'$2y$10$Vc0LAxH1mSdzU2PShuKpruoOimJV87r/BhCKFoZnyRZmYwrVzdqhy',NULL,'29251 sw 152nd Ave homestead Florida 33033',NULL,'Martínez Hernández ','+1 (305) 910-659',0,50.00,'D0107',NULL,1,NULL,'2020-09-28 11:07:09','2020-08-28 11:07:07','2020-08-28 11:07:09',4,123,13,3),(152,'Noel ','noel0897@gmail.com',NULL,'InsuraPasswordsAreLongButNeedToBeSetByInvitedUsersSuchAsThis',NULL,'8851 Nw 119 St Unit 2213 Hialeah Gardens 33018','1970-01-01 05:00:00','Gutiérrez ','+17864065650',0,50.00,'D0108','Sales Representative ',1,NULL,NULL,'2020-08-28 11:07:07','2020-08-28 11:07:07',4,77,13,NULL),(153,'Leidy','leydidominguez@yahoo.com',NULL,'$2y$10$QySuo1kN3r7wblXBmgAW.uMAXlaZQIHeyavLHSLlNTAs.G0XJo/s6',NULL,'5658 nw 3 st',NULL,'Dominguez','7866783548',0,50.00,'D0109',NULL,1,NULL,'2020-09-28 11:07:10','2020-08-28 11:07:07','2020-08-28 11:07:10',4,141,13,3),(154,'Maria ','chanelydanay0317@gmail.com',NULL,'$2y$10$6dHausi0EhtAwUtxHv7rc.m0tSZ0tFdHpzlFtYScoISGBjt2rKZqq',NULL,'6830 sw 128th pl',NULL,'Díaz','+17868636325',0,50.00,'D0110',NULL,1,NULL,'2020-09-28 11:07:10','2020-08-28 11:07:07','2020-08-28 11:07:10',4,141,13,3),(155,'yandy ','yandyguillama@gmail.com',NULL,'InsuraPasswordsAreLongButNeedToBeSetByInvitedUsersSuchAsThis',NULL,NULL,'1970-01-01 05:00:00','guillama','+17865908592',0,50.00,'D0111',NULL,1,NULL,NULL,'2020-08-28 11:07:07','2020-08-28 11:07:07',4,141,13,NULL),(156,'Jorge','krea2rs.junior@gmail.com',NULL,'$2y$10$GVq.fk7KW5t8IPOfx8x68euqC/jah5lndJ9x2Aiwegf4T7AfCtFmm',NULL,'4548 West 14th Court',NULL,'Ramirez','7864098756',0,50.00,'D0112',NULL,1,NULL,'2020-09-28 11:07:10','2020-08-28 11:07:07','2020-08-28 11:07:10',4,75,13,3),(157,'Mary luz','miloo.higa@hotmail.com',NULL,'$2y$10$rMf.//8O7CNLj2M3HISTweDdcgCtyfVKfZQiFZP7.3t.BGQO3iZTG',NULL,'4613 sw 136 pl Miami Florida 33175','1970-01-01 05:32:40','Higa','+19084033742',0,50.00,'D0113','Agent',1,NULL,NULL,'2020-08-28 11:07:07','2020-08-28 11:07:07',4,105,9,NULL),(159,'Daniela','danielachacon23@yahoo.com',NULL,'',NULL,'12401 W Okeechobee Rd',NULL,'Chacon','7867689714',0,50.00,'D0114',NULL,1,NULL,NULL,'2020-08-28 11:07:07','2020-08-28 11:07:07',4,33,13,NULL),(160,'Aditya Kuhic','admin@admin.com','2020-08-28 11:07:25','$2y$10$vN7c5hwVxjdMyftivLpiUO7Iv9Kh.MwqDoy1.c5KChddiTFpkJnQC','y1KudgRPZ6','822 Brannon Course Suite 191\nSouth Elvisville, PA 87628','2020-01-04 22:40:21','Stehr','1-919-587-4373',0,0.00,NULL,NULL,1,NULL,NULL,'2020-08-28 11:07:25','2020-08-28 11:07:25',1,NULL,NULL,NULL);
/*!40000 ALTER TABLE `users` ENABLE KEYS */;
UNLOCK TABLES;

--
-- Dumping routines for database 'dnf'
--
/*!40103 SET TIME_ZONE=@OLD_TIME_ZONE */;

/*!40101 SET SQL_MODE=@OLD_SQL_MODE */;
/*!40014 SET FOREIGN_KEY_CHECKS=@OLD_FOREIGN_KEY_CHECKS */;
/*!40014 SET UNIQUE_CHECKS=@OLD_UNIQUE_CHECKS */;
/*!40101 SET CHARACTER_SET_CLIENT=@OLD_CHARACTER_SET_CLIENT */;
/*!40101 SET CHARACTER_SET_RESULTS=@OLD_CHARACTER_SET_RESULTS */;
/*!40101 SET COLLATION_CONNECTION=@OLD_COLLATION_CONNECTION */;
/*!40111 SET SQL_NOTES=@OLD_SQL_NOTES */;

-- Dump completed on 2020-08-28  3:08:29
